id,uuid,created,last_update,category,muscles,muscles_secondary,equipment,variations,license_author
1489,4f5de647-eb73-4394-84a7-469d02a96de8,2025-03-10T02:27:32.008777+01:00,2025-03-10T02:27:32.008795+01:00,10,"[8, 14, 6]","[7, 10]",[],,jayninja
184,ee8e8db4-2d82-49e1-ab7f-891e9a354934,2023-08-06T10:17:17.422900+02:00,2024-01-17T11:26:46.125208+01:00,12,[12],[8],[1],3.0,wger.de
1269,8019be2c-47a3-475f-8e16-a2fca761a8fe,2024-03-26T18:09:20.831160+01:00,2024-03-26T18:09:20.831182+01:00,8,[5],[4],[],,cynomops
477,7f834f07-fa7b-46b6-8ffa-45930b0602db,2023-08-06T10:17:17.422900+02:00,2024-01-17T11:32:11.170050+01:00,12,[12],"[2, 1, 9]",[],40.0,wger.de
51,cfb6a754-57be-431b-b8d0-d9963120bd5a,2023-08-06T10:17:17.422900+02:00,2024-01-17T11:25:25.517134+01:00,8,"[2, 11]","[1, 14]","[1, 8]",42.0,burenl
394,a7e6c20a-6ddc-4401-9935-ace2d02e3995,2023-08-06T10:17:17.422900+02:00,2024-01-17T11:29:54.563246+01:00,12,[12],"[1, 13]",[],,wger.de
272,c0d9fe98-f4fe-49f3-8037-05e1984e7d2d,2023-08-06T10:17:17.422900+02:00,2024-01-17T11:28:19.336458+01:00,8,[1],[],[3],16.0,wger.de
1091,75d730d0-3b26-4a25-8f1a-7119a98e02ef,2023-08-06T10:17:17.422900+02:00,2024-01-17T11:39:48.190044+01:00,10,"[2, 8, 6]",[12],[4],,clafal
1437,96f9d74a-7bf4-4ec1-9cd6-c62c13cf7b67,2025-01-24T18:47:29.990557+01:00,2025-01-24T18:47:29.990574+01:00,9,"[11, 8, 10]",[6],[1],,M9
1362,0248d4c1-ba98-43e7-b76c-74adc08e4ae1,2024-08-17T13:16:34.745605+02:00,2024-08-17T13:16:34.745630+02:00,12,[],[],[3],,Anastasious
539,60e9a0c0-5458-46cd-ab41-7d7b85225cf8,2023-08-06T10:17:17.422900+02:00,2024-01-17T11:34:56.967365+01:00,11,[4],"[2, 5]",[],7.0,wger.de
1128,aa207863-0156-4fa7-919a-cff839ea2418,2023-08-06T10:17:17.422900+02:00,2024-01-17T11:39:51.802492+01:00,8,[1],[],[],,Franpol
1284,c38b0f69-7f01-4f0f-82cc-e33cdc658f9e,2024-04-22T19:07:39.413366+02:00,2024-04-22T19:07:39.413396+02:00,13,[2],[4],[7],,vdrb
406,aa3b4ebe-6dee-45ad-a345-cf2acebf4159,2023-08-06T10:17:17.422900+02:00,2024-01-17T11:30:02.528352+01:00,13,[],[],[3],,Trix
1136,eaa7927e-6ea0-4fd5-bbcd-525fe90a184b,2023-08-06T10:17:17.422900+02:00,2024-01-17T11:39:52.146457+01:00,12,"[1, 12, 3]",[],[],,Franpol
576,2f8ee51b-f493-47f7-8b2a-1da16c128f73,2023-08-06T10:17:17.422900+02:00,2024-01-17T11:35:22.521845+01:00,10,[14],[6],[4],10.0,kwrindy
1494,959785cb-0146-499e-820e-716f83698b94,2025-03-23T22:42:46.567876+01:00,2025-03-23T22:42:46.567890+01:00,9,[7],[],[],,aahuja
1003,9b5f8c6e-2436-4ded-aea9-8c698b0c8768,2023-08-06T10:17:17.422900+02:00,2024-01-17T11:21:58.985825+01:00,12,[],[],[10],,
292,541941e0-0fa5-4474-a382-9baf04948f8d,2023-08-06T10:17:17.422900+02:00,2024-01-17T11:28:40.777342+01:00,12,[],[],[7],,James Mackay
1331,132254de-a25b-4e35-88b1-c79d225012e5,2024-07-22T18:39:25.222247+02:00,2024-07-22T18:39:25.222270+02:00,8,[],[],[],,Anastasious
1307,dd9dcfd2-879f-422a-ad06-d2c187c58d1f,2024-06-10T05:52:55.657941+02:00,2024-06-10T05:52:55.657963+02:00,10,[6],"[14, 4, 10, 3]",[7],,hektkaso
1366,8a3e08ab-4e97-4aee-897a-60d8693b9b43,2024-08-17T19:24:17.852775+02:00,2024-08-17T19:24:17.852798+02:00,9,[],[],[3],,Anastasious
1348,50a8f1f6-6772-4319-be9d-3bad1374dadf,2024-07-23T13:15:05.033253+02:00,2024-07-23T13:15:05.033277+02:00,12,[],[],[],,Anastasious
919,1eeccede-29c5-4f38-9ba7-d77c7c47993d,2023-08-06T10:17:17.422900+02:00,2024-01-17T11:34:34.489416+01:00,12,"[12, 9]",[],[1],,novadani
1493,06968051-a818-489c-9fbb-ddb94a001245,2025-03-23T22:33:14.942848+01:00,2025-03-23T22:33:14.942864+01:00,8,[1],[],[],,aahuja
1096,d015a276-02ad-4c28-9d36-aedfbb431f53,2023-08-06T10:17:17.422900+02:00,2024-01-17T11:39:49.834193+01:00,9,[],[],[7],,tregga
1273,9ccd53e0-8392-4e61-91aa-e4e5f4ea339c,2024-04-10T15:22:26.448302+02:00,2024-04-10T15:22:26.448325+02:00,12,[4],[12],[3],,3leh
1373,002c6a4f-28ac-4b07-8e94-053e5b05d52b,2024-09-08T09:32:22.298871+02:00,2024-09-08T09:32:22.298892+02:00,15,[8],[7],[7],,tekknokrat@gmx.de
556,919bb48a-42fe-4a11-9078-ea2b5087c49f,2023-08-06T10:17:17.422900+02:00,2024-01-17T11:35:44.754438+01:00,10,[14],[6],[3],,klabautermann
1408,3f8ad988-1aee-48ca-ad37-44e39ae1715d,2024-12-28T19:26:30.658454+01:00,2024-12-28T19:26:30.658471+01:00,9,"[8, 10]","[7, 6]",[],,clafal
475,8e420408-0682-4ab6-89f5-2681e54c7ce0,2023-08-06T10:17:17.422900+02:00,2024-01-17T11:32:20.243159+01:00,12,[12],"[2, 1, 9]",[6],40.0,wger.de
1475,64ebb7a5-15ec-48dd-8f82-47cdb022f215,2025-03-03T09:03:22.312595+01:00,2025-03-03T09:03:22.312613+01:00,10,"[14, 6]",[],[],,Moffi
529,6cf55ecc-86ee-492d-a7f6-977bf61758b3,2023-08-06T10:17:17.422900+02:00,2024-01-17T11:34:43.674775+01:00,15,[],[],[],44.0,BeLikeWater
961,6c8b0c67-68af-4473-907e-31fb1e48430c,2023-08-06T10:17:17.422900+02:00,2024-01-17T11:21:18.343358+01:00,15,[],[],[],,abuono
1433,6f5d4373-66d1-4acd-a16f-ba0e636fe979,2025-01-24T16:58:46.446475+01:00,2025-01-24T16:58:46.446491+01:00,12,"[8, 12]","[2, 1, 14, 10, 6]",[7],,M9
282,7704e810-c05d-47cc-a384-265e0231a497,2023-08-06T10:17:17.422900+02:00,2024-01-17T11:28:42.563990+01:00,13,"[9, 5]",[],[7],43.0,BFad07
173,29175281-afaf-4ffd-85e8-cfc38493e304,2023-08-06T10:17:17.422900+02:00,2024-01-17T11:40:07.611006+01:00,10,[6],[],[],10.0,wger.de
1018,36eaf240-db34-4d83-bba9-94d0e989c9e2,2023-08-06T10:17:17.422900+02:00,2024-01-17T11:25:21.409570+01:00,12,[],[],[7],,
1263,17593b54-1e4e-49d7-8f9f-3a706823a4c5,2024-03-25T14:15:56.059148+01:00,2024-03-25T14:15:56.059168+01:00,12,[],"[2, 11, 7, 12, 9, 5]",[7],,cynomops
189,e7a964cd-e68e-4926-bc7c-577065137e18,2023-08-06T10:17:17.422900+02:00,2024-01-17T11:26:45.551043+01:00,12,[],"[11, 8, 12, 6, 15]",[1],3.0,bobbyprince89
161,6e00afb6-272d-44a2-8ae3-e7fa41b50f06,2023-08-06T10:17:17.422900+02:00,2024-01-17T11:26:41.378184+01:00,11,"[12, 4, 3]",[],[3],,powerade69
257,d677de4c-5bd9-412a-91f1-857116a666a2,2023-08-06T10:17:17.422900+02:00,2024-01-17T11:28:15.243527+01:00,9,[8],[6],[1],12.0,sistab2
1122,e87d355b-d2a4-40c4-a2de-e09e8a701c9d,2023-08-06T10:17:17.422900+02:00,2024-01-17T11:39:51.516238+01:00,9,"[7, 15]",[],[],,Franpol
1426,864b0a80-5d29-4d87-9144-f6ee6f5087b9,2025-01-15T03:58:36.558102+01:00,2025-01-15T03:58:36.558120+01:00,10,[14],[6],[7],,hpmbala@gmail.com
1308,82d26b71-bdf6-410e-a615-e5b7afe02f79,2024-06-12T08:41:20.401123+02:00,2024-06-12T08:41:20.401148+02:00,13,[2],[],[1],,jesslane94
1485,0dfe655e-ee2e-4c49-a279-c672d5591613,2025-03-03T15:03:50.858188+01:00,2025-03-03T15:03:50.858204+01:00,8,[5],[],[2],,Moffi
43,dae6f6ed-9408-4e62-a59a-1a33f4e8ab36,2023-08-06T10:17:17.422900+02:00,2024-01-17T11:21:22.060814+01:00,9,[],[],[1],12.0,BePieToday
1372,3dd0db1c-450a-46d1-ad46-d7854bdc26ed,2024-08-28T11:21:14.704688+02:00,2024-08-28T11:21:14.704711+02:00,8,[5],[4],[],,matpn
632,0a5a7661-1e24-4c15-bb2b-503672141307,2023-08-06T10:17:17.422900+02:00,2024-01-17T11:35:45.534421+01:00,9,"[8, 10]",[],[7],12.0,sophialj
1444,e5e17c42-3c34-410b-84ab-81fde378778f,2025-01-24T20:08:21.242305+01:00,2025-01-24T20:08:21.242322+01:00,11,[4],[5],[3],,M9
1289,19fba43a-8363-4da3-82c6-d8a14628b5e7,2024-05-05T17:14:57.214038+02:00,2024-05-05T17:14:57.214061+02:00,8,[1],[13],[3],,sTiKyt
1090,36b6919a-0e9d-49c6-891b-28fb55ae88ad,2023-08-06T10:17:17.422900+02:00,2024-01-17T11:39:47.990799+01:00,10,"[4, 10, 6, 5]",[],[7],,clafal
578,d9f6c15a-b224-4ef6-93e9-fd6509b66add,2023-08-06T10:17:17.422900+02:00,2024-01-17T11:35:25.614871+01:00,13,[],[],[],,apeschel
802,072a9fa8-1028-47b3-b958-d8052c6b8661,2023-08-06T10:17:17.422900+02:00,2024-01-17T11:21:25.268564+01:00,9,[],[],[1],13.0,
695,d847301e-1613-4987-85cd-61d3ff9d7ef8,2023-08-06T10:17:17.422900+02:00,2024-01-17T11:39:37.316423+01:00,12,[],[],[],2.0,apeschel
1415,b48e4d9d-f7fc-4619-85fb-6dabe5d7c999,2025-01-10T03:20:17.394010+01:00,2025-01-10T03:20:17.394031+01:00,10,[6],[14],[3],,hpmbala@gmail.com
1004,4b278f57-4505-419a-8b34-172b53eb4adc,2023-08-06T10:17:17.422900+02:00,2024-01-17T11:25:16.511816+01:00,12,[],[],[7],50.0,
349,57263316-6f34-4539-952b-b07e09bac3ba,2023-08-06T10:17:17.422900+02:00,2024-01-17T11:29:04.431594+01:00,13,[2],[],[],4.0,wger.de
914,960697af-9a0e-4bfd-a8ba-989718b6b5c7,2023-08-06T10:17:17.422900+02:00,2024-01-17T11:27:26.805858+01:00,8,[1],[],[2],,novadani
57,b7267f90-8706-442b-b918-507e16092b8e,2023-08-06T10:17:17.422900+02:00,2024-01-17T11:21:28.604311+01:00,11,"[2, 7, 4, 6, 3, 15, 5]","[8, 12, 14, 10, 9]",[7],,nate303303
1313,d0ebbc8f-530f-4886-b0ee-f46d09b5780e,2024-06-30T10:14:59.803778+02:00,2024-06-30T10:14:59.803804+02:00,10,[6],[14],[7],,hektkaso
1119,ace5d444-6a41-44bc-a4b6-548bb18cfc9b,2023-08-06T10:17:17.422900+02:00,2024-01-17T11:39:51.453017+01:00,12,[],[],[],,Franpol
1368,1453736d-d315-42af-bfe9-d49b76f1b0f6,2024-08-17T19:50:15.399719+02:00,2024-08-17T19:50:15.399740+02:00,13,[],[],[3],,Anastasious
508,4b7cb037-0789-4014-ab6f-a451716b7538,2023-08-06T10:17:17.422900+02:00,2024-01-17T11:34:34.572164+01:00,12,"[12, 9]",[10],"[1, 3, 6]",1.0,BFad07
1262,7f2628bf-6381-4228-9840-b75cbcc843a1,2024-03-25T13:51:35.596423+01:00,2024-03-25T13:51:35.596442+01:00,8,"[1, 13]","[2, 9]",[],,cynomops
1501,81015468-545f-4170-9b46-701afe77848e,2025-04-06T22:00:41.060222+02:00,2025-04-06T22:00:41.060239+02:00,12,[12],[],[3],,JohnPreston
1194,e56f2970-e4c9-45eb-8e8c-52abb590e7a6,2023-09-29T02:15:43.077576+02:00,2024-01-17T11:39:53.960144+01:00,10,"[2, 8, 14, 6, 3, 9]","[4, 5]",[],,prevail90
331,8b311259-4f67-4dbf-9574-8c38faa92160,2023-08-06T10:17:17.422900+02:00,2024-01-17T11:29:39.015898+01:00,9,[8],[11],[10],47.0,"J120290,cerin"
1143,deebd257-f84d-4879-9dc4-353ee0ea534f,2023-08-06T10:17:17.422900+02:00,2024-01-17T11:39:52.512207+01:00,12,"[12, 3]",[],[],,Franpol
1463,1dca10f9-a976-4a09-ab85-b95fafaa1a28,2025-02-24T15:42:11.310942+01:00,2025-02-24T15:42:11.310967+01:00,8,[1],[12],[3],,Moffi
599,8161de8b-7802-46c0-9bd4-db60f39b7677,2023-08-06T10:17:17.422900+02:00,2024-01-17T11:40:07.554752+01:00,13,[2],[],[1],,Mens Fitness
913,edc44b1a-35d7-4c37-ab20-05842fb40576,2023-08-06T10:17:17.422900+02:00,2024-01-17T11:25:23.192078+01:00,8,[1],[],[2],,novadani
1468,6b68043c-a900-41f4-89fb-ea5c8193f216,2025-02-24T22:37:58.686641+01:00,2025-02-24T22:37:58.686657+01:00,8,[5],[],[2],,Expenses7000
1287,6c21c09b-90c8-4e43-a43c-ed566f812784,2024-05-02T23:21:10.501483+02:00,2024-05-02T23:21:10.501875+02:00,10,[14],[6],[7],,painDpice
366,440a5184-de58-4a86-a7ba-76ddeafaa855,2023-08-06T10:17:17.422900+02:00,2024-01-17T11:29:03.050534+01:00,9,[11],[],[],14.0,wger.de
1464,1b329beb-fcda-4471-ba70-eea62da410dd,2025-02-24T15:53:10.523438+01:00,2025-02-24T15:53:10.523453+01:00,9,[10],"[11, 7, 8]",[],,Expenses7000
1486,45251627-5f89-4858-bf0c-8884a21cbb1f,2025-03-06T10:20:18.687940+01:00,2025-03-06T10:20:18.687955+01:00,12,[12],[],[],,Moffi
1461,10b0684c-1c48-4be6-913e-19bf1419107b,2025-02-22T21:52:29.021485+01:00,2025-02-22T21:52:29.021501+01:00,11,[4],"[2, 5]","[8, 3]",,Expenses7000
91,7b99a081-6b1a-4aa5-b86a-5a935d083a35,2023-08-06T10:17:17.422900+02:00,2024-01-17T11:23:32.494961+01:00,8,[1],[13],[1],16.0,wger.de
1232,a569e8c3-218f-40db-9d71-e155c68cb26e,2024-02-18T20:02:24.562362+01:00,2024-02-18T20:02:24.562383+01:00,8,"[2, 1, 4]",[],[7],,Lynn_McIntyre
1028,25854f7a-485a-4280-a0fa-f024655733b0,2023-08-06T10:17:17.422900+02:00,2024-01-17T11:39:46.614218+01:00,12,[],[],[7],,tinman
1239,f36dfa40-7586-4721-a434-1fd878232c62,2024-02-28T18:45:30.275387+01:00,2024-02-28T18:45:30.275408+01:00,9,[7],[],[7],,erikocobra
803,f8d69dd4-3c35-49c7-8cbe-f0132eca4c52,2023-08-06T10:17:17.422900+02:00,2024-01-17T11:25:15.688845+01:00,8,[],[],[],17.0,
1312,edc3f6b7-96b0-4967-90d7-bba9d7d442cb,2024-06-30T09:59:03.798621+02:00,2024-06-30T09:59:03.798643+02:00,15,[10],"[7, 8, 14, 6, 15]",[7],,hektkaso
1484,ac00021c-12f9-4827-8003-ea07de980b76,2025-03-03T13:35:22.700477+01:00,2025-03-03T13:35:22.700495+01:00,11,[4],[],[2],,Moffi
980,e872658a-3bac-4d9e-bcf2-15919ebea43a,2023-08-06T10:17:17.422900+02:00,2024-01-17T11:21:05.849474+01:00,10,"[2, 1, 12, 9]",[],[6],,clafal
1201,8c132ea0-7885-474f-8514-0909ae22bdf6,2023-11-14T16:08:33.340664+01:00,2024-01-17T11:39:54.331479+01:00,9,[10],"[11, 7, 8]",[7],,cynomops
1314,89443e49-e5be-4b67-a5f6-e3f5ff80f6ea,2024-07-01T08:47:52.580909+02:00,2024-07-01T08:47:52.580934+02:00,15,[10],"[8, 14, 6]",[7],,hektkaso
1196,36a309ba-7dd1-43c9-9efc-788c7cd9fbd6,2023-10-06T19:13:57.329081+02:00,2024-01-17T11:39:54.072313+01:00,9,[10],[7],[7],,Insight
1278,544c0559-f547-4016-8cd0-b38f18685df7,2024-04-13T02:41:43.963311+02:00,2024-04-13T02:41:43.963333+02:00,11,[4],"[2, 5]",[],,erikocobra
822,5d244235-cd56-472a-876e-6e530a899ef2,2023-08-06T10:17:17.422900+02:00,2024-01-17T11:21:06.155824+01:00,13,"[2, 9]",[5],[],,cshep442
1118,3a0bfbe7-9a9e-43af-9fcd-f2aedcc99852,2023-08-06T10:17:17.422900+02:00,2024-01-17T11:39:51.420753+01:00,12,[],[],[],,Franpol
920,887fea99-352d-45ff-8e06-ef95eaa37902,2023-08-06T10:17:17.422900+02:00,2024-01-17T11:35:05.949719+01:00,12,[12],[],[],,novadani
1007,336e224a-a7a1-4808-9871-1ad8cfc3fee7,2023-08-06T10:17:17.422900+02:00,2024-01-17T11:25:18.084882+01:00,13,[],[],[7],,
285,3edbb63e-f326-4bd0-8af3-2d5deabb864f,2023-08-06T10:17:17.422900+02:00,2024-01-17T11:28:18.584153+01:00,15,"[11, 7, 10, 15]","[14, 6, 3]",[],,nate303303
50,13234b53-ea0c-41f1-9069-776865ea8eff,2023-08-06T10:17:17.422900+02:00,2024-01-17T11:21:25.771722+01:00,8,[5],"[2, 4]",[1],17.0,sevae
661,6c671e43-497f-4863-8d78-b592f3b5e7c6,2023-08-06T10:17:17.422900+02:00,2024-01-17T11:39:32.530391+01:00,8,[5],[],[],,wger.de
512,00fcf603-b0d0-48d2-9b5e-c7f0d510d46c,2023-08-06T10:17:17.422900+02:00,2024-01-17T11:34:19.910517+01:00,12,[12],[],[],1.0,wger.de
1213,d05a86fd-5699-4655-bec1-9ffbd5a6ef4b,2023-12-25T10:35:19.135716+01:00,2024-01-17T11:40:25.684959+01:00,12,"[2, 1, 12]",[13],[6],,clafal
1319,2e6298ce-c8ef-406b-989a-0d42801e211f,2024-07-01T10:37:47.960252+02:00,2024-07-01T10:37:47.960273+02:00,10,"[14, 6]",[],[7],,hektkaso
1266,de8a3db6-2b05-4c4e-977b-b61342718356,2024-03-26T17:55:08.938230+01:00,2024-03-26T17:55:08.938249+01:00,8,[5],[],[],,cynomops
1104,2e00d8e5-19a2-42ad-a954-f06a56f56561,2023-08-06T10:17:17.422900+02:00,2024-01-17T11:39:50.446176+01:00,15,"[11, 7, 8, 12, 14, 10, 6]",[],[7],113.0,
1311,8149e62d-e0f1-4772-879b-34fb34b11921,2024-06-22T11:06:17.812662+02:00,2024-06-22T11:06:17.812687+02:00,11,[4],"[1, 5]",[7],,hektkaso
487,3f93459a-d06e-465c-85db-2137da759440,2023-08-06T10:17:17.422900+02:00,2024-01-17T11:32:06.314538+01:00,13,[],[],[3],4.0,YYCfit
458,c9e57bbe-e839-44c6-861d-1c8dd2845e36,2023-08-06T10:17:17.422900+02:00,2024-01-17T11:33:38.076893+01:00,10,"[14, 6]","[1, 10, 5]",[7],45.0,YYCfit / BFad07
246,95a7e546-e8f8-4521-a76b-983d94161b25,2023-08-06T10:17:17.422900+02:00,2024-01-17T11:28:37.856572+01:00,8,[5],[],"[8, 2]",18.0,wger.de
75,28321cf3-70e6-48a4-ade1-d11382180cb3,2023-08-06T10:17:17.422900+02:00,2024-01-17T11:23:21.212978+01:00,11,[4],"[2, 5]","[8, 3]",7.0,wger.de
1452,492e90a5-1ecb-4a06-8e9d-26a00042560e,2025-01-31T17:48:24.992941+01:00,2025-01-31T17:48:24.992959+01:00,9,[8],[11],[7],,hpmbala@gmail.com
1190,9ce236dc-7704-4f3e-a3d0-4fea382a950b,2023-08-06T18:42:54.735996+02:00,2024-01-17T11:39:53.257850+01:00,8,[1],[],[3],,Franpol
538,275fb49f-975c-4d6e-9d63-2c86ed740f40,2023-08-06T10:17:17.422900+02:00,2024-01-17T11:34:43.959061+01:00,11,[4],"[2, 5]","[1, 9]",7.0,wger.de
906,af0be7c9-2b9d-47fd-abee-84edd8207b9b,2023-08-06T10:17:17.422900+02:00,2024-01-17T11:35:05.862622+01:00,9,[],[],[],,enros7500
595,e60125f0-3a88-4707-815f-fe0e2b4be3c4,2023-08-06T10:17:17.422900+02:00,2024-01-17T11:35:29.533242+01:00,15,[7],[],[],,Cerin
1321,6465446b-4297-4379-b832-3fbaca037ffb,2024-07-01T11:11:47.419055+02:00,2024-07-01T11:11:47.419077+02:00,10,[14],"[1, 5]",[7],,hektkaso
909,6cbdd70c-0691-4288-b58a-24001384f1b3,2023-08-06T10:17:17.422900+02:00,2024-01-17T11:21:45.336976+01:00,9,[10],"[8, 6]",[],,karly
142,dc3a2072-abc3-4ef9-b8e6-f5ae6b11bc7f,2023-08-06T10:17:17.422900+02:00,2024-01-17T11:40:26.638252+01:00,13,[2],[],[],,lauroernesto
924,40d35363-0579-4f0f-aac6-a32a6de3f08a,2023-08-06T10:17:17.422900+02:00,2024-01-17T11:21:45.520812+01:00,11,[4],[],[],,novadani
152,87e6abc5-a701-442a-b4fb-bb2a7598a754,2023-08-06T10:17:17.422900+02:00,2024-01-17T11:26:44.697889+01:00,12,[],[],[6],,BFad07
1216,cf434716-f846-46d8-b267-8b33d311d8b5,2024-01-23T22:50:05.075440+01:00,2024-01-23T22:50:05.075464+01:00,8,[],[],[],,
1140,e90cedcc-b179-4ee9-b24c-dc11b49c602f,2023-08-06T10:17:17.422900+02:00,2024-01-17T11:39:52.345821+01:00,9,[15],[],[],,Franpol
355,fff05d7a-f374-4c8a-9885-39f49076918f,2023-08-06T10:17:17.422900+02:00,2024-01-17T11:28:58.283862+01:00,12,[12],[],[],2.0,drthurlow
1381,df18b577-0610-4804-a993-161024da67db,2024-10-16T12:24:31.626580+02:00,2024-10-16T12:24:31.626597+02:00,12,"[2, 9]","[1, 12]",[],,phpi
222,d7a418d4-d0cb-4f85-8a7c-1e9d97152cbd,2023-08-06T10:17:17.422900+02:00,2024-01-17T11:27:13.858977+01:00,13,[9],[],[],,abeworld
1006,04e7fd92-e2e5-4212-ad7c-7542e98f7d83,2023-08-06T10:17:17.422900+02:00,2024-01-17T11:25:17.766784+01:00,12,[],[],[7],,
1324,f9a0a918-3c0c-464e-bbba-1bd309d4a519,2024-07-13T12:13:37.021482+02:00,2024-07-13T12:13:37.021504+02:00,9,[10],"[8, 15]",[7],,hektkaso
1008,2ecf2e55-c1f3-40ac-b20e-0954f41a2021,2023-08-06T10:17:17.422900+02:00,2024-01-17T11:25:18.387060+01:00,13,[],[],[7],51.0,
1005,1a40cc23-4609-4951-9b76-237715ae85ed,2023-08-06T10:17:17.422900+02:00,2024-01-17T11:25:17.100843+01:00,12,[],[],[7],50.0,
193,14d5cdbc-9b17-4296-a282-0a81cd3c4c4e,2023-08-06T10:17:17.422900+02:00,2024-01-17T11:27:18.114881+01:00,13,[],[],[8],5.0,oboema
1449,2536b8cd-a287-48ee-b8da-58d8bd595f43,2025-01-31T17:32:43.821330+01:00,2025-01-31T17:32:43.821345+01:00,15,[10],"[11, 8]",[],,hpmbala@gmail.com
1098,c302fd80-ce74-4202-9eee-30834872cffb,2023-08-06T10:17:17.422900+02:00,2024-01-17T11:39:50.114777+01:00,12,[12],[],[3],,philip
1012,a136959c-b0c8-49d3-99b9-0a5f41abf00e,2023-08-06T10:17:17.422900+02:00,2024-01-17T11:25:19.662501+01:00,8,[],[],[3],,
1435,2a983b8f-b77e-4f8f-8335-0e5caecd715f,2025-01-24T18:21:21.963876+01:00,2025-01-24T18:21:21.963896+01:00,12,"[12, 9]",[],[6],,M9
1325,45e44940-d4a0-4c66-8cbb-7afe785d5610,2024-07-18T22:57:58.372787+02:00,2024-07-18T22:57:58.372813+02:00,9,[7],[11],[7],,cleen
1212,1bccba58-1639-4e5c-8a33-0d595aa41a7c,2023-12-11T22:09:34.527710+01:00,2024-01-17T11:40:25.652092+01:00,10,[],[6],[],,apikev
922,ad3716b1-5fc9-45aa-9de4-9a1c0153915d,2023-08-06T10:17:17.422900+02:00,2024-01-17T11:39:36.807796+01:00,12,[12],[],[],,novadani
1087,f0f53b8e-0136-4195-baf3-781903651359,2023-08-06T10:17:17.422900+02:00,2024-01-17T11:39:47.724201+01:00,12,[],[],[3],,philip
186,dda69c96-62d4-4690-aa07-a4a0f6ceb63a,2023-08-06T10:17:17.422900+02:00,2024-01-17T11:27:20.155505+01:00,11,[4],[],[3],7.0,wger.de
1457,70479b75-0df4-4ac2-a324-4a44b148304c,2025-02-14T01:07:16.340588+01:00,2025-02-14T01:07:16.340606+01:00,11,"[2, 4, 5]","[1, 3]",[],,Expenses7000
501,7671b16c-5023-4663-b00d-86dd018e024f,2023-08-06T10:17:17.422900+02:00,2024-01-17T11:34:35.896861+01:00,8,[5],[],[],19.0,Nash
1105,371cfda2-1de6-419a-b40c-fc98fd3f7e41,2023-08-06T10:17:17.422900+02:00,2024-01-17T11:39:50.562112+01:00,10,[6],[14],[7],,utkb
177,8dedde58-a5dc-4a23-ad20-fd7cf524f8b5,2023-08-06T10:17:17.422900+02:00,2024-01-17T11:26:43.686364+01:00,15,"[14, 9]","[11, 13, 8, 12, 10]",[7],,BFad07
1332,9e73e390-6f80-4dd1-8232-2bedf2dccb91,2024-07-22T22:03:05.791242+02:00,2024-07-22T22:03:05.791267+02:00,8,[],[],[3],,Anastasious
545,e28b0685-7a8f-4343-9c0b-63b38386d30b,2023-08-06T10:17:17.422900+02:00,2024-01-17T11:34:18.974939+01:00,10,[6],[],[],11.0,vkylamba
182,74d4697d-8a97-4ea2-9d05-fa4d2bd7221e,2023-08-06T10:17:17.422900+02:00,2024-01-17T11:26:43.489782+01:00,8,[],[],[],,2dPREtEZP221u68Akf0JImv5L48
985,a9633731-1d86-4b4a-996f-33a1dee0b0e1,2023-08-06T10:17:17.422900+02:00,2024-01-17T11:21:36.397805+01:00,8,[],[],[7],,
977,151434a5-c046-459f-a3a9-c3125075856f,2023-08-06T10:17:17.422900+02:00,2024-01-17T11:21:18.679000+01:00,10,"[8, 10, 15]",[],[7],,clafal
1231,1b9968f4-a00b-4157-8847-1c3c7dbb0d5a,2024-02-18T19:58:58.442302+01:00,2024-02-18T19:58:58.442325+01:00,8,[5],[],[7],,Lynn_McIntyre
1276,504230cb-4ac7-4b6c-b655-0800603081c1,2024-04-13T02:25:45.580631+02:00,2024-04-13T02:25:45.580654+02:00,11,[4],[2],[3],,erikocobra
1117,0ecfec6f-5d0f-4e8a-8d37-f6203a8923b8,2023-08-06T10:17:17.422900+02:00,2024-01-17T11:40:25.559397+01:00,12,[],[],[],,Franpol
145,c867836d-2929-4977-b23c-014bc21ec08d,2023-08-06T10:17:17.422900+02:00,2024-01-17T11:26:44.356669+01:00,10,[14],[],[],,robhoyt
1189,75e2bca9-8d12-4d7f-b27f-a8c6f8be8ded,2023-08-06T10:17:17.422900+02:00,2024-01-17T11:39:53.182245+01:00,10,[6],[],[10],142.0,
1474,8b494562-012e-4944-be65-9b168f0c8c41,2025-03-03T08:57:04.313599+01:00,2025-03-03T08:57:04.313616+01:00,10,"[14, 6]",[],[7],,Moffi
718,46ee5805-512a-43a2-944c-97f7744b0078,2023-08-06T10:17:17.422900+02:00,2024-01-17T11:40:20.869890+01:00,9,"[11, 10]",[],[7],12.0,Blablabla
623,7dc59fa0-5552-4ffa-954f-9bc8c22740bf,2023-08-06T10:17:17.422900+02:00,2024-01-17T11:39:33.797365+01:00,8,[],[],[],,pwiltrout
1364,c5b8edea-aaa2-4607-a770-eb34d91a8f8a,2024-08-17T19:14:06.560359+02:00,2024-08-17T19:14:06.560382+02:00,9,[],[],[],,Anastasious
1439,a33ba0c7-1680-4e42-a84e-aecc18c5d75b,2025-01-24T19:13:41.500974+01:00,2025-01-24T19:13:41.500989+01:00,13,"[2, 5]",[],[1],,M9
294,19a289c0-33af-4055-bb34-3570c2975d3d,2023-08-06T10:17:17.422900+02:00,2024-01-17T11:28:42.751884+01:00,9,[8],[],"[1, 8]",,Bret Contreras
1388,957ca37c-b6d7-4c30-8ba9-9512b0fa2659,2024-11-23T16:17:08.468255+01:00,2024-11-23T16:17:08.468275+01:00,9,[11],[8],[7],,captive0592
1081,664ddd40-a595-420d-801f-148e4bf0594c,2023-08-06T10:17:17.422900+02:00,2024-01-17T11:39:47.021859+01:00,13,[],[],[],,tinman
1112,50037aaf-34f1-4018-b504-206623b77c46,2023-08-06T10:17:17.422900+02:00,2024-01-17T11:39:51.172061+01:00,11,[4],"[2, 5]","[8, 9]",,anon1337
1315,56d524fe-bec0-4165-8305-b0fe7fad89dd,2024-07-01T09:18:41.598109+02:00,2024-07-01T09:18:41.598135+02:00,9,"[8, 10, 15]","[7, 14, 6]",[7],,hektkaso
1102,5831bcbb-28a7-4bd5-930d-a740acccf747,2023-08-06T10:17:17.422900+02:00,2024-01-17T11:39:50.317489+01:00,9,"[8, 10]",[],[7],,clafal
926,1e827ef8-0a01-4b26-9e26-eff9d200acca,2023-08-06T10:17:17.422900+02:00,2024-01-17T11:27:26.852138+01:00,11,[4],[],[],,novadani
1009,7ea504e7-3310-4638-a111-054fabfd4b80,2023-08-06T10:17:17.422900+02:00,2024-01-17T11:25:18.658945+01:00,13,[],[],[7],51.0,
1198,8d56eb18-b000-41ff-8b31-c74df3a4b34b,2023-10-18T18:41:54.591782+02:00,2024-01-17T11:39:54.099780+01:00,11,"[1, 12]","[4, 6, 9]",[7],,Gavru
607,eaf6f39e-d46d-4460-b5a9-71e814b18f89,2023-08-06T10:17:17.422900+02:00,2024-01-17T11:34:57.762278+01:00,10,[14],[],[],10.0,djblitzd
382,16089e03-5afc-4a18-a40a-beb337806ac0,2023-08-06T10:17:17.422900+02:00,2024-01-17T11:30:26.458105+01:00,10,[],[],[],,bizyguy
258,6260e3aa-e46b-4b4b-8ada-58bfd0922d3a,2023-08-06T10:17:17.422900+02:00,2024-01-17T11:28:41.622660+01:00,12,[12],"[2, 1, 13]","[1, 2]",34.0,wger.de
378,5f514f9e-6bd9-408e-85b2-c25eb04af33b,2023-08-06T10:17:17.422900+02:00,2024-01-17T11:29:45.741919+01:00,10,[6],[3],[],11.0,wger.de
341,316aca47-6f5b-40b7-b04f-f69e68387354,2023-08-06T10:17:17.422900+02:00,2024-01-17T11:29:28.620642+01:00,9,[10],[8],[],15.0,wger.de
450,98d73d2c-b8ee-44f4-a245-a7934adfbaef,2023-08-06T10:17:17.422900+02:00,2024-01-17T11:32:00.548268+01:00,11,[4],[],[],8.0,OGhTebfCxhexZXuf35mUxV9C--A
1349,fb74fdb1-2954-4323-8c32-1803953f319e,2024-07-23T13:23:29.449330+02:00,2024-07-23T13:23:29.449353+02:00,12,[],[],[],,Anastasious
84,2f0ddf9a-f520-4c55-8883-f0d4a789f481,2023-08-06T10:17:17.422900+02:00,2024-01-17T11:39:54.767284+01:00,12,[12],"[2, 1]",[1],1.0,wger.de
1195,cd7bbafc-4092-4194-aa20-e380f1fe45f0,2023-10-06T18:52:13.667443+02:00,2024-01-17T11:39:53.996983+01:00,9,[10],"[7, 8]",[7],,Insight
996,53324f8e-df38-456f-9b7d-8f3a43f45f31,2023-08-06T10:17:17.422900+02:00,2024-01-17T11:21:50.843542+01:00,11,[],[],[7],,
513,32c129f7-cc28-4ebc-8465-e4fa62e220b1,2023-08-06T10:17:17.422900+02:00,2024-01-17T11:34:29.307621+01:00,12,[12],"[2, 1, 13]",[],1.0,wger.de
1259,6679b2ad-91b7-4a75-9230-3ae1101bdd50,2024-03-18T16:52:03.241049+01:00,2024-03-18T16:52:03.241071+01:00,10,"[14, 6, 3]","[2, 4]",[],,cynomops
379,82aec7f9-ee03-4b24-8994-f6bde07c6a41,2023-08-06T10:17:17.422900+02:00,2024-01-17T11:29:47.181736+01:00,11,[4],[],[],7.0,tuckerm
320,4d255f25-f199-401a-bc81-7ffab1d0ed24,2023-08-06T10:17:17.422900+02:00,2024-01-17T11:29:31.992444+01:00,9,[10],[],[],,student1234
375,18104387-4567-4c1e-8d03-db0b274646dd,2023-08-06T10:17:17.422900+02:00,2024-01-17T11:30:03.710063+01:00,9,[10],[],[],15.0,wger.de
983,db5bd076-2f1d-4b72-9be9-610e5c3f5724,2023-08-06T10:17:17.422900+02:00,2024-01-17T11:21:28.891648+01:00,15,[],[],[7],,
1458,37314b67-1aad-4405-aa88-70846d5f035d,2025-02-14T13:38:16.241935+01:00,2025-02-14T13:38:16.241954+01:00,12,"[2, 12, 9]",[],[],,Expenses7000
976,346634cf-3896-4c10-bd66-28fb69d02573,2023-08-06T10:17:17.422900+02:00,2024-01-17T11:21:18.619698+01:00,10,[6],[],[7],,clafal
1242,70c97a79-5e88-4549-a74c-0e5190a5c048,2024-02-28T19:27:27.000264+01:00,2024-02-28T19:27:27.000286+01:00,9,[7],[15],[7],,erikocobra
1365,ac939153-217e-4dbd-a5e1-ffabff7a607e,2024-08-17T19:19:43.968687+02:00,2024-08-17T19:19:43.968715+02:00,9,[],[],[],,Anastasious
1376,12f88134-0f7a-4fb7-8bd9-436aa80d8b7c,2024-09-16T13:42:26.798570+02:00,2024-09-16T13:42:26.798592+02:00,15,"[11, 7, 8, 10]",[],[],,pera_perkan
1285,42657bd4-bf4e-4429-8e6a-2f5f585aa22a,2024-05-02T21:07:19.846728+02:00,2024-05-02T21:07:19.846750+02:00,15,[7],[11],[7],,painDpice
1338,9a644b0e-8691-4216-b2cc-f058f58ec96d,2024-07-22T23:35:32.635934+02:00,2024-07-22T23:35:32.635963+02:00,13,[2],[],[3],,Anastasious
1079,431bb116-2833-4f28-b9e4-350fab6dc145,2023-08-06T10:17:17.422900+02:00,2024-01-17T11:39:46.830838+01:00,10,"[14, 6]",[],[4],,
567,87affa4b-395b-437c-9581-2bd20ea5aa7c,2023-08-06T10:17:17.422900+02:00,2024-01-17T11:35:05.980375+01:00,13,[2],[],[3],5.0,wger.de
674,8766d43c-e035-4c37-b824-b94dce5bf710,2023-08-06T10:17:17.422900+02:00,2024-01-17T11:40:20.676057+01:00,12,[],[],[7],1.0,Skadi
630,0c2d9b74-3d1e-481f-a7bf-3b3532f7d6b0,2023-08-06T10:17:17.422900+02:00,2024-01-17T11:35:50.702135+01:00,9,[10],[],[],3.0,magdy
1445,85c28424-ab47-40d4-9a27-e1b9bfb01e7c,2025-01-24T20:19:14.749018+01:00,2025-01-24T20:19:14.749033+01:00,13,[2],"[8, 10, 5]",[1],,M9
1144,636f7aba-518d-49c9-b21d-5e366185ea29,2023-08-06T10:17:17.422900+02:00,2024-01-17T11:39:52.745303+01:00,12,[12],[],[],,Franpol
575,6199b3c7-3ccb-47fa-89bb-ef7fef12c0e3,2023-08-06T10:17:17.422900+02:00,2024-01-17T11:35:25.658893+01:00,13,[2],[5],[],38.0,wger.de
1384,ad20ef5e-e360-4859-9110-668ee0c24721,2024-11-13T21:34:24.902500+01:00,2024-11-13T21:34:24.902516+01:00,12,[12],"[4, 5]",[],,Paul@Chemistry
1330,42b61845-26c2-4df1-8f5e-56a7dd6e632a,2024-07-22T17:47:19.227660+02:00,2024-07-22T17:47:19.227897+02:00,10,[14],[6],[7],,Anastasious
821,a540925e-fe66-47cc-ae28-ecdce408fb6d,2023-08-06T10:17:17.422900+02:00,2024-01-17T11:21:36.272165+01:00,8,[],[],[7],,marcelbader
1492,f80468f2-7c5d-45c5-9470-46a88c1a75c2,2025-03-23T22:05:01.142156+01:00,2025-03-23T22:05:01.142173+01:00,12,[12],[],[],,aahuja
1483,da6ab4d8-edd2-428d-b194-fb15948d3fd5,2025-03-03T11:35:54.857612+01:00,2025-03-03T11:35:54.857631+01:00,8,[1],[],[3],,Moffi
1141,7dd7a735-c1fe-4ca0-a6e8-e825d897b065,2023-08-06T10:17:17.422900+02:00,2024-01-17T11:39:52.403283+01:00,9,"[11, 8]",[],[7],,cleen
1398,638756b5-a957-48f4-93ca-8994cead818f,2024-11-23T16:48:39.502082+01:00,2024-11-23T16:48:39.502098+01:00,9,[11],[],[7],,captive0592
659,3188868c-84e2-4a3b-b7dc-f79d8650988d,2023-08-06T10:17:17.422900+02:00,2024-01-17T11:40:11.560831+01:00,8,[5],[],[],17.0,wger.de
1447,127033e0-46c5-44a6-825b-fbecfe60ed9a,2025-01-24T20:30:57.988249+01:00,2025-01-24T20:30:57.988270+01:00,12,"[2, 11, 8, 10]",[12],[1],,M9
1329,47404bb8-70d6-4db2-9b0a-a2dca3f1d264,2024-07-22T17:29:39.169085+02:00,2024-07-22T17:29:39.169107+02:00,10,[6],[14],[7],,Anastasious
1094,117df66c-bc8d-43cc-9903-0be2a0864486,2023-08-06T10:17:17.422900+02:00,2024-01-17T11:39:49.510297+01:00,11,[4],[],[8],,colundrum
279,4e238360-a4c1-4509-85c1-f96d01e69cf9,2023-08-06T10:17:17.422900+02:00,2024-01-17T11:28:34.886794+01:00,8,[],[],[],,vince63
1022,768e0703-a04d-4d97-89ce-a49cd6be2b06,2023-08-06T10:17:17.422900+02:00,2024-01-17T11:21:06.030225+01:00,12,"[2, 1, 13, 12, 14, 6, 3]",[],[10],,
507,2e7ffff9-e603-4b28-98c8-31d1a6ce8cd9,2023-08-06T10:17:17.422900+02:00,2024-01-17T11:34:36.440372+01:00,9,[],[],[1],3.0,pjwirth
1481,02b96dc1-d1d9-4fc7-b54c-82dda1691485,2025-03-03T10:50:08.002616+01:00,2025-03-03T10:50:08.002634+01:00,8,[5],[],[2],,Moffi
1480,8a356e9a-0058-4f60-b8d7-89147c3c371f,2025-03-03T10:42:38.173593+01:00,2025-03-03T10:42:38.173611+01:00,8,[5],[],"[1, 3]",,Moffi
9,1b020b3a-3732-4c7e-92fd-a0cec90ed69b,2023-08-06T10:17:17.422900+02:00,2024-01-17T11:39:48.517525+01:00,10,[],[],[10],47.0,deusinvictus
1110,f509a2e2-a9f1-48c0-8421-836836110fdc,2023-08-06T10:17:17.422900+02:00,2024-01-17T11:39:50.818960+01:00,11,[4],[5],[7],,anon1337
1490,9c979645-78d1-44be-92a0-7940430a6a98,2025-03-10T13:44:54.900401+01:00,2025-03-10T13:44:54.900421+01:00,8,[5],[],"[3, 9]",,Moffi
1336,19133a0d-e6b2-4d57-8a84-8aac3d962a99,2024-07-22T23:13:49.877869+02:00,2024-07-22T23:13:49.877893+02:00,8,[5],[],[3],,Anastasious
716,f1946fd4-793d-47a5-b66f-599b7f53695d,2023-08-06T10:17:17.422900+02:00,2024-01-17T11:39:45.538398+01:00,12,"[1, 11, 4, 9, 5]",[],[7],,Whythebigpaws
543,5912d7ed-6a0e-4b4c-b30a-fc9f3f890fc1,2023-08-06T10:17:17.422900+02:00,2024-01-17T11:34:41.626758+01:00,13,[2],[5],[],5.0,wger.de
1473,39c13706-6a8c-4ab5-b605-b9b716665a20,2025-02-25T21:40:01.409891+01:00,2025-02-25T21:40:01.409907+01:00,12,[2],[9],[],,Expenses7000
566,8b0a0371-c0a9-42a7-aab7-68d520542fb2,2023-08-06T10:17:17.422900+02:00,2024-01-17T11:35:11.982203+01:00,13,[2],[],[1],5.0,wger.de
1130,cd376975-6095-4643-bfdd-920bad3c2023,2023-08-06T10:17:17.422900+02:00,2024-01-17T11:39:51.900380+01:00,8,[1],[],[],,Franpol
1440,a535b8f1-2024-4c5c-b323-f711cbf9773c,2025-01-24T19:23:13.870968+01:00,2025-01-24T19:23:13.870985+01:00,13,"[2, 8, 10]",[5],[1],,M9
95,bcb7020c-8678-496d-8f4d-aad0e233a5bd,2023-08-06T10:17:17.422900+02:00,2024-01-17T11:25:10.843488+01:00,8,[1],[],[],16.0,wger.de
687,f4467e9a-9bb1-4e93-bec6-10a5d7738ffb,2023-08-06T10:17:17.422900+02:00,2024-01-17T11:39:45.642839+01:00,11,[2],[],[1],,Vazco
1434,90dea8b9-4cf8-430e-8633-e08df1dd900b,2025-01-24T18:16:34.167997+01:00,2025-01-24T18:16:34.168040+01:00,12,[12],[8],[3],,M9
259,5b4b94ca-f429-4394-9477-c00be8f2bb04,2023-08-06T10:17:17.422900+02:00,2024-01-17T11:28:41.219848+01:00,12,[12],"[1, 13]","[1, 2]",34.0,wger.de
1203,db4eaf0f-f4d4-4e63-b9fb-258985bc2858,2023-11-22T02:38:53.186459+01:00,2024-01-17T11:39:54.418944+01:00,14,[7],[],[7],,wakanda90
172,401989e0-64c3-459d-bc47-2c171ab4f41d,2023-08-06T10:17:17.422900+02:00,2024-01-17T11:25:36.662431+01:00,10,[6],[],[],10.0,wger.de
622,7ce443b6-eb84-4f65-b05f-461c1cc8bcc0,2023-08-06T10:17:17.422900+02:00,2024-01-17T11:35:53.031152+01:00,14,[7],[15],[],6.0,wger.de
1378,81942f3d-d92c-431c-b9d0-0da12918d1e4,2024-10-03T13:29:25.628716+02:00,2024-10-03T13:29:25.628742+02:00,13,[2],[],[],,carlos3c
927,e0d9e9ef-09ee-4d26-9504-622093810414,2023-08-06T10:17:17.422900+02:00,2024-01-17T11:21:17.944225+01:00,15,[4],[],[7],,
1027,302e02df-4270-4a0b-8c5d-b743cdb06fc9,2023-08-06T10:17:17.422900+02:00,2024-01-17T11:39:46.571976+01:00,12,[12],[],[8],,tinman
1479,5af00591-2d77-4ea6-a347-825ad18beff1,2025-03-03T09:29:00.927214+01:00,2025-03-03T09:29:00.927246+01:00,10,"[14, 6]",[],[7],,Moffi
981,9e6dae29-5d03-440a-bdf1-2cb25a5179c2,2023-08-06T10:17:17.422900+02:00,2024-01-17T11:21:04.796780+01:00,9,[],[],[8],,
921,d6e9ed59-497a-4c93-ac7d-f9696fcd21ab,2023-08-06T10:17:17.422900+02:00,2024-01-17T11:40:10.382117+01:00,12,[12],[],[],,novadani
1334,eff0e979-121c-41df-8fda-b86822f2797e,2024-07-22T22:20:55.630319+02:00,2024-07-22T22:20:55.630346+02:00,8,[1],[13],[3],,Anastasious
1227,adb6067f-fd48-4a25-a9b4-0793c5f158fa,2024-02-18T17:59:31.602826+01:00,2024-02-18T17:59:31.602848+01:00,13,"[2, 13, 9]",[],[3],,Lynn_McIntyre
1295,dced5f1b-3c6e-4cd8-a7f5-4246e56f12c9,2024-05-16T12:19:12.268141+02:00,2024-05-16T12:19:12.268161+02:00,11,[4],"[2, 5]",[1],,JackSparrow
1126,f1bbbc07-d7ed-44c4-a4e3-9af126fc7c33,2023-08-06T10:17:17.422900+02:00,2024-01-17T11:39:51.729090+01:00,12,[12],[],[],,Franpol
1233,671568f9-6653-4e11-ac71-3f34c74329a0,2024-02-18T20:03:37.531590+01:00,2024-02-18T20:03:37.531616+01:00,8,"[2, 1, 4]",[],[],,Lynn_McIntyre
165,36391719-d4ad-4e0f-991f-8eafd5947108,2023-08-06T10:17:17.422900+02:00,2024-01-17T11:25:33.127031+01:00,10,[],[],[],10.0,Konsumopfer
56,03db11cc-8079-463c-9399-6f346b100ce6,2023-08-06T10:17:17.422900+02:00,2024-01-17T11:21:02.089512+01:00,10,[6],[14],[4],,andikeller
1346,f536b7f6-ce49-4c50-8f34-51b91263d563,2024-07-23T08:23:12.340127+02:00,2024-07-23T08:23:12.340161+02:00,9,[],[],[1],,Anastasious
1217,676e8149-863e-4174-a09a-a327b247c00d,2024-01-25T16:46:40.420781+01:00,2024-01-25T16:46:40.420800+01:00,8,[],[],[7],,
984,3284fd27-5402-4821-9c32-29066d4e2667,2023-08-06T10:17:17.422900+02:00,2024-01-17T11:21:30.024608+01:00,9,[],[],[7],13.0,
820,0ecd5f3a-f156-4f1b-b29e-16fb80802a50,2023-08-06T10:17:17.422900+02:00,2024-01-17T11:21:06.108747+01:00,8,[],[],[],,marcelbader
992,1d8599d8-59a5-4faf-a9cf-b81639cbf68b,2023-08-06T10:17:17.422900+02:00,2024-01-17T11:21:45.804129+01:00,9,[],[],[7],48.0,
418,7b1e458f-1857-4c2f-8463-7d67d4b2db93,2023-08-06T10:17:17.422900+02:00,2024-01-17T11:29:43.333634+01:00,13,[],[],[2],5.0,mbozi1
245,893c07ea-2e24-49b6-92e4-d0033eedec62,2023-08-06T10:17:17.422900+02:00,2024-01-17T11:28:34.984135+01:00,8,[5],[],"[8, 3]",18.0,wger.de
205,2f1a2707-e7ff-46ac-9112-3e31e6e961ee,2023-08-06T10:17:17.422900+02:00,2024-01-17T11:27:20.936371+01:00,9,[10],[8],[3],13.0,wger.de
1411,cfe3f20e-d078-4e6c-91fc-37da62f5ac0a,2025-01-03T18:06:14.854259+01:00,2025-01-03T18:06:14.854284+01:00,10,[14],[6],[7],,hpmbala@gmail.com
1229,e9ada9fc-94d0-4131-b5c0-7df1b0fd2ce8,2024-02-18T18:14:15.154675+01:00,2024-02-18T18:14:15.154696+01:00,8,"[2, 1, 3]",[],[3],,Lynn_McIntyre
978,f4991a98-6422-4884-8ad3-43412f91fac1,2023-08-06T10:17:17.422900+02:00,2024-01-17T11:21:18.964980+01:00,10,[6],[14],[6],,clafal
1084,e4966cb8-9089-4595-9c78-99a27821e6ff,2023-08-06T10:17:17.422900+02:00,2024-01-17T11:39:47.111598+01:00,8,[4],"[2, 1, 5]",[3],108.0,
1020,ec9dca8d-1456-430a-abed-70b8bab4779a,2023-08-06T10:17:17.422900+02:00,2024-01-17T11:25:21.884248+01:00,9,[],[],[7],12.0,
1127,4eb41bfb-cbeb-4683-b9c6-902ee7e028e0,2023-08-06T10:17:17.422900+02:00,2024-01-17T11:39:51.766360+01:00,12,[12],[],[],,Franpol
1377,56a03260-2901-4b28-bd41-a030185f985a,2024-09-24T08:01:15.420012+02:00,2024-09-24T08:01:15.420034+02:00,10,[6],[],[7],,brucem
1017,8bffd3b2-663a-4617-9d95-dce24e795470,2023-08-06T10:17:17.422900+02:00,2024-01-17T11:25:21.353801+01:00,12,[],[],[7],53.0,
484,a6c2a970-a621-4e03-be1d-4a29118b1687,2023-08-06T10:17:17.422900+02:00,2024-01-17T11:30:27.185685+01:00,12,[8],[1],[],3.0,Mahoney
1337,bff4776a-5972-4799-9534-c9d25e4885ea,2024-07-22T23:27:26.470431+02:00,2024-07-22T23:27:26.470462+02:00,8,[2],[],[3],,Anastasious
1224,2418b290-801c-45fd-a990-fc9f234ab1e5,2024-02-18T17:21:42.461727+01:00,2024-02-18T17:21:42.461754+01:00,8,[1],[],[3],,Lynn_McIntyre
598,092d0fbb-0409-470e-a087-beb9a378f3f7,2023-08-06T10:17:17.422900+02:00,2024-01-17T11:35:22.374395+01:00,8,[5],[4],[],18.0,tuckerm
1477,e9891a94-b1d4-47f4-a82b-c1aa82121abb,2025-03-03T09:14:49.333710+01:00,2025-03-03T09:14:49.333726+01:00,10,"[14, 6]",[],[7],,Moffi
1209,716286dd-05b1-4f87-8b3b-a0c559bcafc4,2023-11-25T20:03:49.221859+01:00,2024-01-17T11:40:25.625713+01:00,8,[],[],[7],,lxmx
1424,e68f6d51-fe02-4175-b277-dec0c1521f36,2025-01-15T03:35:17.015987+01:00,2025-01-15T03:35:17.016065+01:00,8,[1],[13],[],,hpmbala@gmail.com
1109,b1bf02cf-17b2-4bfc-a5b0-4ff7a2768dbb,2023-08-06T10:17:17.422900+02:00,2024-01-17T11:39:50.653438+01:00,8,"[1, 13]",[],[],,cshep442
312,aae91ecf-ffa4-4730-812c-cb00e423f91c,2023-08-06T10:17:17.422900+02:00,2024-01-17T11:29:38.678053+01:00,10,[6],[14],[],45.0,Mahoney
167,b186f1f8-4957-44dc-bf30-d0b00064ce6f,2023-08-06T10:17:17.422900+02:00,2024-01-17T11:25:45.096641+01:00,10,[6],[3],[4],10.0,wger.de
498,1b95d961-1d5c-4ded-b25e-c090295ffe37,2023-08-06T10:17:17.422900+02:00,2024-01-17T11:34:43.606586+01:00,11,"[4, 5]",[2],"[1, 8]",7.0,bl0sh
1185,6ebb138e-bb0a-402e-84e5-68fe0896e897,2023-08-06T10:17:17.422900+02:00,2024-01-17T11:39:52.849261+01:00,8,[5],[],[],,anto.kreegyr
683,52dec48d-25a4-4a78-b66b-ad6a773e143a,2023-08-06T10:17:17.422900+02:00,2024-01-17T11:39:37.512856+01:00,11,[4],[],[1],,wger.de
1352,a7f4e446-28ff-4341-ad53-1db269312bc3,2024-07-23T13:35:30.808783+02:00,2024-07-23T13:35:30.808807+02:00,11,[],[],[3],,Anastasious
284,8381f40c-3168-4d98-af60-6a89800dd308,2023-08-06T10:17:17.422900+02:00,2024-01-17T11:28:42.530993+01:00,8,"[1, 13, 5]",[2],[],,GrosseHund
1133,710abc6c-40f4-4317-8bb7-6abce242e670,2023-08-06T10:17:17.422900+02:00,2024-01-17T11:39:52.105175+01:00,11,[4],[],[],,Franpol
702,4e752292-051a-4043-8f80-a390c23875e6,2023-08-06T10:17:17.422900+02:00,2024-01-17T11:39:38.118704+01:00,14,[7],[],[],6.0,McMarcel13
1101,8ccd5844-4b46-475d-b36f-5f58ca496840,2023-08-06T10:17:17.422900+02:00,2024-01-17T11:39:50.253247+01:00,10,"[12, 4]","[2, 1]",[6],,clafal
1441,f89b3662-f911-4aab-9402-cfa6d47cea2b,2025-01-24T19:46:31.371421+01:00,2025-01-24T19:46:31.371444+01:00,13,[2],[5],[3],,M9
194,09dd3e3c-e53a-4e2c-a2e3-645d334f53e2,2023-08-06T10:17:17.422900+02:00,2024-01-17T11:27:40.439763+01:00,11,"[4, 5]",[5],[7],19.0,BFad07
1271,b8ccad95-897b-4fe3-a004-6f49e1c69b7a,2024-04-04T15:06:09.316100+02:00,2024-04-04T15:06:09.316125+02:00,11,[4],[2],[],,FEFFO
629,2f7149c3-77ce-4313-a59c-aef82b5a730a,2023-08-06T10:17:17.422900+02:00,2024-01-17T11:35:48.956762+01:00,12,[12],[5],[],2.0,tuckerm
367,49189e88-40b6-4c0d-a784-0cc3abbb8e75,2023-08-06T10:17:17.422900+02:00,2024-01-17T11:30:02.600823+01:00,9,[11],[],[],14.0,wger.de
374,661287d4-d1dc-485c-896b-73f90b000536,2023-08-06T10:17:17.422900+02:00,2024-01-17T11:30:08.038427+01:00,9,[10],[8],[],15.0,wger.de
1146,62dcdf81-287a-41cc-ab7e-651044534c5e,2023-08-06T10:17:17.422900+02:00,2024-01-17T11:39:52.801774+01:00,10,[8],"[11, 13, 12]",[7],,MorugaSkorpio
1215,603895ca-20a0-4272-a62b-293d14220390,2024-01-18T02:09:16.760010+01:00,2024-01-18T02:09:16.760034+01:00,12,[9],"[2, 11, 8, 14, 6]",[7],,mike6426
1019,5e2761cf-839e-435e-bedb-35e132dcb5ce,2023-08-06T10:17:17.422900+02:00,2024-01-17T11:25:21.464639+01:00,10,[],[],[7],45.0,
41,a6bced3c-72f5-42a3-9438-5569d46f49fd,2023-08-06T10:17:17.422900+02:00,2024-01-17T11:21:25.329270+01:00,10,[14],[],[1],,sevae
439,c7058ff8-ca3b-4822-abdb-6341ce37c4d1,2023-08-06T10:17:17.422900+02:00,2024-01-17T11:33:37.894316+01:00,10,[1],[],[],,ThisGirl0819
206,dcc6e237-a8bb-4eca-bbc5-7fb852636f6a,2023-08-06T10:17:17.422900+02:00,2024-01-17T11:27:29.928659+01:00,9,[10],[8],[3],13.0,wger.de
46,04e7d7e4-f8d2-406d-97df-3df3bceec22c,2023-08-06T10:17:17.422900+02:00,2024-01-17T11:21:24.281782+01:00,9,[10],[8],[1],13.0,Mikko Ruohola
1210,965b0d80-544b-4f22-a64b-32dc033f071a,2023-11-25T20:06:03.242342+01:00,2024-01-17T11:39:54.637737+01:00,12,[],[],[7],,lxmx
1389,965d7607-e9c1-4c16-b5cb-2c3d278e2a03,2024-11-23T16:29:10.057971+01:00,2024-11-23T16:29:10.057990+01:00,9,"[11, 8]",[],[7],,captive0592
572,72a945ec-3a7f-424b-9a05-1616ef7dce91,2023-08-06T10:17:17.422900+02:00,2024-01-17T11:35:25.781998+01:00,13,[2],[],[3],38.0,wger.de
1476,1bb3bbaf-2dc2-4651-95db-71faf5304075,2025-03-03T09:08:08.014762+01:00,2025-03-03T09:08:08.014778+01:00,10,"[14, 6]",[],[7],,Moffi
275,04365177-e078-489b-983a-8ac61b7346f1,2023-08-06T10:17:17.422900+02:00,2024-01-17T11:28:18.757784+01:00,8,[1],[13],[],16.0,wger.de
1412,fcf5039b-7784-4f82-830a-b213b597a646,2025-01-07T02:40:32.635568+01:00,2025-01-07T02:40:32.635585+01:00,10,[6],[14],[7],,hpmbala@gmail.com
260,e5a62151-5350-4c86-8a19-3e9ca7bf0f38,2023-08-06T10:17:17.422900+02:00,2024-01-17T11:40:28.004730+01:00,10,"[8, 14, 6]",[],[7],,http://www.realsimple.com/health/fitness-exercise/
423,0027b172-a83e-4f79-af47-483302a22c02,2023-08-06T10:17:17.422900+02:00,2024-01-17T11:30:26.372890+01:00,12,"[1, 11]",[],[6],,arson
1240,56631e7a-471a-469c-958a-c3ff78b1e73c,2024-02-28T19:02:12.539071+01:00,2024-02-28T19:02:12.539095+01:00,9,[15],[],[7],,erikocobra
139,a6605e9c-887d-45e0-8282-617a8ec5fea2,2023-08-06T10:17:17.422900+02:00,2024-01-17T11:25:43.244171+01:00,13,[2],[],[],41.0,wger.de
354,8c496646-baa8-4ed3-97b1-702e213fdeca,2023-08-06T10:17:17.422900+02:00,2024-01-17T11:28:54.854679+01:00,12,[12],[],[],2.0,drthurlow
1296,ac6e6a09-5175-4fea-9e56-e2ff3c00b0f2,2024-05-18T14:41:15.568972+02:00,2024-05-18T14:41:15.568994+02:00,11,[4],[2],[],,JackSparrow
1238,00eae665-ff78-4373-9c43-f44a4a1b43e0,2024-02-26T12:50:40.859229+01:00,2024-02-26T12:50:40.859249+01:00,10,"[2, 1, 13, 6]",[],[7],,clafal
12,53906cd1-61f1-4d56-ac60-e4fcc5824861,2023-08-06T10:17:17.422900+02:00,2024-01-17T11:21:22.580911+01:00,9,[8],[],[],,flori
1354,39ed7eb4-38d5-475b-be59-1221b7b5087f,2024-07-23T13:46:45.273479+02:00,2024-07-23T13:46:45.273500+02:00,11,[],[],[],,Anastasious
1120,443fec2e-dcca-46fe-ab4a-9a8beb50891e,2023-08-06T10:17:17.422900+02:00,2024-01-17T11:39:51.483653+01:00,12,[],[],[],,Franpol
672,90e9f590-7d68-4afb-9f95-8429246ea4aa,2023-08-06T10:17:17.422900+02:00,2024-01-17T11:39:45.355468+01:00,10,[14],[12],[],,Robertcoop
1499,0cbe304f-0b5f-4153-aed1-024e654dee90,2025-04-06T21:43:58.558532+02:00,2025-04-06T21:43:58.558559+02:00,8,[5],[],[3],,JohnPreston
495,2cd5e3c6-a8c0-456a-ab47-5e7b3a435407,2023-08-06T10:17:17.422900+02:00,2024-01-17T11:34:19.135306+01:00,8,"[1, 13]",[1],"[1, 3]",,BFad07
154,424da49e-d155-4247-bbb2-161a5c797789,2023-08-06T10:17:17.422900+02:00,2024-01-17T11:25:27.640906+01:00,12,[12],[],[6],,oliser67
1283,51a2d520-b510-4b6e-bd65-9fc40365e8de,2024-04-22T14:03:46.852333+02:00,2024-04-22T14:03:46.852353+02:00,12,"[1, 12, 9]",[],"[8, 3]",,carlos3c
1503,b407768d-d519-47b8-818a-44c9761a8be6,2025-04-06T22:13:47.713202+02:00,2025-04-06T22:13:47.713223+02:00,9,[8],[],[3],,JohnPreston
1282,5fd01c23-6c54-40cb-9a67-87c7a325baee,2024-04-21T13:05:45.449210+02:00,2024-04-21T13:05:45.449229+02:00,12,[12],"[1, 9]",[6],,clafal
256,9c35594c-bbcc-4656-bdcb-376814c90e96,2023-08-06T10:17:17.422900+02:00,2024-01-17T11:28:04.034808+01:00,13,[2],[],"[1, 3]",4.0,"Manu, wikipedia"
1350,85d462bf-c062-4fa0-8c74-a39a84157f4e,2024-07-23T13:26:31.200210+02:00,2024-07-23T13:26:31.200243+02:00,12,[],[],[],,Anastasious
675,309bfd2b-1af4-49db-b64b-d7d7c7dd39bb,2023-08-06T10:17:17.422900+02:00,2024-01-17T11:39:34.132246+01:00,10,"[2, 8, 14, 3]","[2, 8, 14, 3]",[3],,dookie1481
628,0f5fc602-afb6-4500-87da-f115f3ef3f47,2023-08-06T10:17:17.422900+02:00,2024-01-17T11:35:45.074737+01:00,12,[12],[5],[],2.0,tuckerm
549,cc5bf1a3-29b5-4c5a-8600-5e35c79ab4bf,2023-08-06T10:17:17.422900+02:00,2024-01-17T11:34:32.413311+01:00,8,[5],[],"[8, 3]",18.0,richmr2174@gmail.com
185,bcd801f0-9a38-4615-a91c-900153c8c234,2023-08-06T10:17:17.422900+02:00,2024-01-17T11:27:18.967045+01:00,11,[4],[],[1],7.0,wger.de
380,fd595232-b9ad-4216-bba1-92298f993ea9,2023-08-06T10:17:17.422900+02:00,2024-01-17T11:29:41.394986+01:00,12,[12],[],[],1.0,tuckerm
1275,f397656d-6f26-47c6-9e4c-221687f3f2fa,2024-04-13T02:12:46.995436+02:00,2024-04-13T02:12:46.995453+02:00,9,[],[],[],,erikocobra
1339,921223ab-7998-4e2c-a630-fb5e519a8824,2024-07-23T07:48:47.818453+02:00,2024-07-23T07:48:47.818475+02:00,9,"[11, 7, 8, 10]",[],[3],,Anastasious
1465,b3049397-a1d1-4442-9113-3532bcd1f278,2025-02-24T16:00:41.070052+01:00,2025-02-24T16:00:41.070068+01:00,8,[1],[],[9],,Moffi
351,dac3c714-f0c6-4d97-8283-17be7dd77b65,2023-08-06T10:17:17.422900+02:00,2024-01-17T11:29:27.609589+01:00,13,"[2, 9]",[],[3],4.0,nate303303
1145,92d508ce-2524-47a3-ac51-1520ccbfd75e,2023-08-06T10:17:17.422900+02:00,2024-01-17T11:40:25.595350+01:00,12,[12],[],[],,Franpol
1277,11f5de05-7709-484f-b7d9-d9a8af57b5b7,2024-04-13T02:35:29.165753+02:00,2024-04-13T02:35:29.165777+02:00,11,[4],"[2, 5]",[3],,erikocobra
959,e2599e86-d8b0-434e-8a48-aa3c2df7e790,2023-08-06T10:17:17.422900+02:00,2024-01-17T11:21:48.852104+01:00,10,"[2, 1, 12]",[],[7],,clafal
314,2f5032de-df6d-406b-b709-9223ef5c3e24,2023-08-06T10:17:17.422900+02:00,2024-01-17T11:29:25.743951+01:00,11,[4],[6],[7],,cal.zabel
386,de22963a-5d42-4999-860e-377f64359432,2023-08-06T10:17:17.422900+02:00,2024-01-17T11:29:44.825797+01:00,11,[4],[5],[7],8.0,notdefine
1274,9f9bfa54-4702-4eb1-a72a-0fc12c846c72,2024-04-13T01:57:30.251799+02:00,2024-04-13T01:57:30.251818+02:00,9,"[7, 15]",[],[],,erikocobra
364,48836f44-efcd-4471-a456-5f024936025a,2023-08-06T10:17:17.422900+02:00,2024-01-17T11:29:25.850147+01:00,9,"[11, 8]",[],[],14.0,BFad07
1226,8675ea3b-0e8b-4a08-9e82-4525ec91dd23,2024-02-18T17:37:41.562522+01:00,2024-02-18T17:37:41.562542+01:00,8,[1],[],[3],,Lynn_McIntyre
1187,cd4c5295-4265-4bc9-8f4f-b0ec5b7483ad,2023-08-06T10:17:17.422900+02:00,2024-01-17T11:39:53.086995+01:00,12,[12],[],[],,anto.kreegyr
911,76a2f8a6-374b-42c8-b8ac-e8d64612f046,2023-08-06T10:17:17.422900+02:00,2024-01-17T11:39:48.789132+01:00,8,[5],[],[],,novadani
1123,ad20f70b-fcda-4282-a452-0cd8c3b38eda,2023-08-06T10:17:17.422900+02:00,2024-01-17T11:39:51.554600+01:00,9,"[7, 15]",[],[],,Franpol
1113,bd141adb-b9ad-4038-b11f-1db8665f72bc,2023-08-06T10:17:17.422900+02:00,2024-01-17T11:39:51.211345+01:00,11,[4],"[2, 5]",[],,anon1337
92,1ae6a28d-10e7-4ecf-af4f-905f8193e2c6,2023-08-06T10:17:17.422900+02:00,2024-01-17T11:21:59.622804+01:00,8,[1],[13],[3],16.0,wger.de
1317,e05c5b24-a34c-4ca3-866e-1118ecbb63d5,2024-07-01T09:59:47.277491+02:00,2024-07-01T09:59:47.277510+02:00,11,"[14, 4, 10, 6, 9]","[11, 7, 12]",[7],,hektkaso
1272,39cf073b-74cb-4d48-9fdf-40f6195482d0,2024-04-04T15:08:40.160154+02:00,2024-04-04T15:08:40.160181+02:00,11,[4],[2],[],,FEFFO
1248,662b9911-fa55-4564-b830-fdb6a046b162,2024-03-07T19:07:35.522576+01:00,2024-03-07T19:07:35.522598+01:00,10,[12],[6],[7],,clafal
660,f00630d6-578f-487f-8bf5-39c96366ccb8,2023-08-06T10:17:17.422900+02:00,2024-01-17T11:39:29.016387+01:00,8,[5],[],[],17.0,wger.de
1219,4037fc14-d7a9-4901-8341-6538e415adc4,2024-01-30T22:29:10.957777+01:00,2024-01-30T22:29:10.957800+01:00,8,"[2, 1, 12]",[9],[7],,PaukOne
1397,aa3c2791-74f7-4fed-a812-297ff454e2f9,2024-11-23T16:47:48.575382+01:00,2024-11-23T16:47:48.575404+01:00,9,[11],[],[7],,captive0592
910,9b0f7101-b78a-4c47-b680-fbef15469a8a,2023-08-06T10:17:17.422900+02:00,2024-01-17T11:25:22.971395+01:00,9,[11],[8],[],,karly
957,80c167b9-3749-48a1-8686-fc2163a1e7fb,2023-08-06T10:17:17.422900+02:00,2024-01-17T11:29:48.355758+01:00,12,"[2, 8, 3, 9]",[12],[7],,utkb
998,853e4429-da4a-492d-b042-5c124282c005,2023-08-06T10:17:17.422900+02:00,2024-01-17T11:21:53.563351+01:00,11,[],[],[7],,
197,7c8eb1ac-2d7e-4ca7-919a-1848ba38e0f4,2023-08-06T10:17:17.422900+02:00,2024-01-17T11:27:56.786083+01:00,8,[5],[],[8],19.0,wger.de
135,99449eae-0eae-44ab-a57f-fc094bbdda13,2023-08-06T10:17:17.422900+02:00,2024-01-17T11:25:33.436218+01:00,11,[4],[2],[],41.0,wger.de
999,616f9026-1a1d-4ed8-b068-cfbb81b6a000,2023-08-06T10:17:17.422900+02:00,2024-01-17T11:21:53.909836+01:00,9,[],[],[7],13.0,
493,834c639f-4c82-404d-909f-4c75275465a0,2023-08-06T10:17:17.422900+02:00,2024-01-17T11:34:29.008775+01:00,8,[1],[],[2],16.0,tuckerm
711,0d68029a-f025-41fe-9c56-6ccbc32bc43d,2023-08-06T10:17:17.422900+02:00,2024-01-17T11:39:34.249611+01:00,13,[],[],[7],43.0,Nash
454,3b96a05b-9705-48da-b43e-6e098234bb35,2023-08-06T10:17:17.422900+02:00,2024-01-17T11:32:00.847844+01:00,8,[4],[5],[7],,Nash
1193,10510fb5-6ebd-4ddc-b03e-423b15deceea,2023-09-11T14:54:31.461395+02:00,2024-01-17T11:39:53.577425+01:00,10,"[12, 14, 6]",[],"[3, 4, 5]",,lion
482,5930ce9c-dfbd-452c-9949-dd34c5e41fd6,2023-08-06T10:17:17.422900+02:00,2024-01-17T11:30:34.807762+01:00,8,[5],"[2, 4, 6]",[7],8.0,maxamillion1414
500,09349391-375b-42d5-8979-00a5d7196a5b,2023-08-06T10:17:17.422900+02:00,2024-01-17T11:34:57.504509+01:00,10,[],[],[],45.0,spacetowaste
478,4284336c-6cfa-4c4d-a440-26b30db035d1,2023-08-06T10:17:17.422900+02:00,2024-01-17T11:30:27.402580+01:00,13,[9],[8],[],5.0,sistab2
1204,517265a2-e4f7-4b33-979f-9be1efd86343,2023-11-24T10:56:34.069267+01:00,2024-01-17T11:39:54.444895+01:00,15,[],[],[],,
577,cf1f0fed-6310-4210-8f7d-22e375e6c60c,2023-08-06T10:17:17.422900+02:00,2024-01-17T11:35:21.547622+01:00,10,[14],[6],[3],,GiglioRosso
73,3717d144-7815-4a97-9a56-956fb889c996,2023-08-06T10:17:17.422900+02:00,2024-01-17T11:23:51.262565+01:00,11,[4],"[2, 5]","[1, 8]",7.0,sistab2
505,af2f774c-296c-4d14-8e4a-fad77175ae37,2023-08-06T10:17:17.422900+02:00,2024-01-17T11:34:41.476783+01:00,10,[],[],[],,MaddieBeasley
1252,b61dff58-6e47-4671-853b-208e7cd0ced4,2024-03-07T20:42:31.952533+01:00,2024-03-07T20:42:31.952553+01:00,10,"[1, 12, 6]",[2],[6],,clafal
1085,927b0e58-c57c-4234-8079-2548f8e35687,2023-08-06T10:17:17.422900+02:00,2024-01-17T11:39:47.272337+01:00,13,"[2, 1, 12, 3, 9, 5]",[],[3],,philip
1138,4e941b0d-4b2f-4393-89cf-6a5e9b69252e,2023-08-06T10:17:17.422900+02:00,2024-01-17T11:39:52.285214+01:00,12,[12],[],[],,Franpol
239,55d0a5ec-b147-40c3-aa77-314e61c93689,2023-08-06T10:17:17.422900+02:00,2024-01-17T11:27:32.276122+01:00,11,[4],[],[3],9.0,wger.de
1353,587af8f1-516b-44c3-8660-70f262e1bef8,2024-07-23T13:38:58.433046+02:00,2024-07-23T13:38:58.433131+02:00,11,[],[],[3],,Anastasious
188,b99c91be-8805-4e15-9cb6-486b55b81ae1,2023-08-06T10:17:17.422900+02:00,2024-01-17T11:27:27.755137+01:00,11,[4],[2],[7],8.0,aszc
1438,a8f76beb-b6d8-430b-8e45-cc03d4959043,2025-01-24T19:03:52.258430+01:00,2025-01-24T19:03:52.258447+01:00,9,"[8, 10]","[11, 12, 6]",[1],,M9
1407,96a899ee-16a4-457d-8f66-efdd39fd38a0,2024-12-28T19:16:08.985177+01:00,2024-12-28T19:16:08.985196+01:00,9,"[8, 10]","[7, 6]",[],,clafal
1467,fca05168-7212-42ec-8927-efb1e8dd0971,2025-02-24T22:28:24.243466+01:00,2025-02-24T22:28:24.243484+01:00,8,[5],"[2, 4]",[1],,Expenses7000
525,d9e306b6-d6ff-4e61-b283-4b085d8edaaf,2023-08-06T10:17:17.422900+02:00,2024-01-17T11:34:36.068441+01:00,12,[12],"[2, 1]",[1],1.0,wger.de
1322,5edf07a8-cca2-4199-96a5-9988369be985,2024-07-04T09:39:09.709006+02:00,2024-07-04T09:39:09.709030+02:00,10,[6],[],[10],,Pete
650,51420ded-5c17-4ce0-b005-89f1b67b7c65,2023-08-06T10:17:17.422900+02:00,2024-01-17T11:36:00.646775+01:00,9,[2],[9],[1],,BeLikeWater
291,1d610575-eed0-42cf-8737-29788a372af6,2023-08-06T10:17:17.422900+02:00,2024-01-17T11:28:15.152813+01:00,9,[10],[8],[],12.0,Vilhelmo
48,67c26c9b-32f3-4b8b-b13a-4d8be4803975,2023-08-06T10:17:17.422900+02:00,2024-01-17T11:21:28.457117+01:00,8,[],[],"[1, 8]",42.0,burenl
1016,00ecb956-9483-4d08-a9b1-6a236d4d8ff3,2023-08-06T10:17:17.422900+02:00,2024-01-17T11:25:21.271958+01:00,12,[],[],[7],53.0,
1361,a030a4e9-970c-4442-b0b3-e49b42143de0,2024-08-17T09:06:51.924274+02:00,2024-08-17T09:06:51.924322+02:00,9,"[8, 10]","[11, 7, 6]",[10],,m4k3r
1129,9cfde79e-41fe-4180-a1c6-04df42fcbacf,2023-08-06T10:17:17.422900+02:00,2024-01-17T11:39:51.845673+01:00,11,"[2, 1, 4]",[],[],,Franpol
81,94a5c406-7bcd-47f3-9687-bdf92a763932,2023-08-06T10:17:17.422900+02:00,2024-01-17T11:23:05.835999+01:00,12,[12],[],"[8, 3]",1.0,sebk
1367,39e8b8e2-f651-4ac3-a016-9584d930c21b,2024-08-17T19:46:24.022737+02:00,2024-08-17T19:46:24.022765+02:00,13,[],[],[3],,Anastasious
1015,b50a3d3e-cf75-42de-8729-80e163748fb1,2023-08-06T10:17:17.422900+02:00,2024-01-17T11:25:21.189415+01:00,12,[],[],[7],53.0,
1192,94238bef-15ee-42b6-8035-79854b3c6e65,2023-08-11T06:31:15.492941+02:00,2024-01-17T11:39:53.545801+01:00,8,[1],[],[3],,Franpol
1088,0c30c543-e2cc-499b-bc31-8c28db445ed2,2023-08-06T10:17:17.422900+02:00,2024-01-17T11:39:47.776947+01:00,9,[],[],[3],,philip
1124,62350da8-b589-4022-a94a-3341f79295a4,2023-08-06T10:17:17.422900+02:00,2024-01-17T11:39:51.619950+01:00,12,[12],[],[],,Franpol
691,738137c0-5387-4215-b457-ea7af113b3ba,2023-08-06T10:17:17.422900+02:00,2024-01-17T11:39:44.765039+01:00,13,"[2, 9]",[1],[],46.0,wger.de
468,9cb69afc-7a44-4a22-b9a9-7bde8aca5b11,2023-08-06T10:17:17.422900+02:00,2024-01-17T11:32:00.419301+01:00,12,[9],[],[],,donaddon
1218,2b61df61-f71e-4b8f-9f95-6a565238a8ae,2024-01-29T23:01:25.296720+01:00,2024-01-29T23:01:25.296752+01:00,8,"[2, 4]","[3, 5]",[7],,PaukOne
1243,58ca3e51-ea64-4771-a74a-a74d29f5c40c,2024-02-28T19:46:47.790779+01:00,2024-02-28T19:46:47.790799+01:00,9,"[7, 15]",[],[7],,erikocobra
1100,f20ab712-f953-4705-8710-9681392ddd07,2023-08-06T10:17:17.422900+02:00,2024-01-17T11:39:50.219350+01:00,9,"[2, 8, 10]","[1, 4, 6, 9]",[5],,philip
204,43e85cb8-51d0-4892-b1bf-80a3cb111ff6,2023-08-06T10:17:17.422900+02:00,2024-01-17T11:27:37.040072+01:00,8,[1],[13],[3],16.0,ExRx
1021,04ba9a37-4725-43f0-a0b6-767cdab9a79e,2023-08-06T10:17:17.422900+02:00,2024-01-17T11:25:22.381748+01:00,14,[],[],[7],6.0,
1270,d5116fbd-bf14-492a-86b3-140035cb48b2,2024-04-04T15:05:34.520686+02:00,2024-04-04T15:05:34.520714+02:00,11,[4],[2],[],,FEFFO
1436,abd2854b-114a-4584-8746-30bd40127863,2025-01-24T18:41:31.595312+01:00,2025-01-24T18:41:31.595329+01:00,11,"[4, 5]",[],[1],,M9
960,d813ef7c-b10a-4c5c-ba55-6b9518e7ff4c,2023-08-06T10:17:17.422900+02:00,2024-01-17T11:21:18.221783+01:00,10,"[2, 8]","[10, 6, 9]",[10],,clafal
171,7de7b8a8-313d-465f-bb22-8527ae45110a,2023-08-06T10:17:17.422900+02:00,2024-01-17T11:25:42.588378+01:00,10,[6],[],[9],10.0,wger.de
456,fe04cf35-1af5-4b51-89d4-c38d7eaa0db1,2023-08-06T10:17:17.422900+02:00,2024-01-17T11:32:06.619037+01:00,9,"[11, 8]","[2, 1, 13]",[],12.0,minifigmaster125
397,183e7279-f052-4c70-8381-bbbda3bb9afe,2023-08-06T10:17:17.422900+02:00,2024-01-17T11:30:02.312782+01:00,9,"[8, 10]",[],[1],12.0,taylorbarbell
604,b1051c3e-78a9-4b73-899c-c700098cf1a8,2023-08-06T10:17:17.422900+02:00,2024-01-17T11:34:57.967752+01:00,9,[],[],[],3.0,MrSteele
427,cbc5fbc9-9bca-4766-941d-4b6903d4a521,2023-08-06T10:17:17.422900+02:00,2024-01-17T11:29:42.161185+01:00,10,[6],[],[],10.0,wger.de
1429,5a9f4fa4-6b71-4bc7-a284-e76e43e3106a,2025-01-23T03:56:45.378148+01:00,2025-01-23T03:56:45.378164+01:00,13,[2],[],[3],,hpmbala@gmail.com
283,9b993e99-8701-43f0-84d6-689123183880,2023-08-06T10:17:17.422900+02:00,2024-01-17T11:28:00.504522+01:00,10,[6],[],[6],11.0,robhoyt
1409,f5ad82a8-adf8-4795-9874-1f6d183c56ed,2024-12-28T19:35:23.063243+01:00,2024-12-28T19:35:23.063261+01:00,10,"[14, 6]","[2, 8, 12, 5]",[],,clafal
624,4d5decb3-5fbe-45c1-9ad5-ff715e53cb34,2023-08-06T10:17:17.422900+02:00,2024-01-17T11:35:49.938297+01:00,15,[],[],[],,intelman
562,169896b2-90e3-4497-9d73-56bee4a34697,2023-08-06T10:17:17.422900+02:00,2024-01-17T11:34:57.710318+01:00,12,[12],[],[],1.0,cal.zabel
1455,f44cf553-067e-4f3a-b35b-e16549c1d055,2025-02-09T21:41:27.305462+01:00,2025-02-09T21:41:27.305481+01:00,12,[12],[2],[],,Yderkone
636,66c90ca7-23d8-47b1-820f-dc0c8140603b,2023-08-06T10:17:17.422900+02:00,2024-01-17T11:39:31.603406+01:00,12,"[8, 12]",[],[4],,baldurmen
297,d059c63d-0a81-48a3-912a-44070c0def2e,2023-08-06T10:17:17.422900+02:00,2024-01-17T11:28:48.780605+01:00,10,"[14, 6]",[],"[4, 7]",,Behrooz
1228,428112f3-3918-45ba-870a-dc58cf3959cf,2024-02-18T18:09:26.271753+01:00,2024-02-18T18:09:26.271774+01:00,8,"[4, 5]",[],[3],,Lynn_McIntyre
1261,f9329ed4-8185-49a6-a0bb-e0f21c6cc3d8,2024-03-25T13:45:05.579969+01:00,2024-03-25T13:45:05.579988+01:00,8,[13],[1],[],,cynomops
1387,66aef559-02e8-4f35-91f6-600f103e9cbf,2024-11-23T15:39:08.322200+01:00,2024-11-23T15:39:08.322218+01:00,9,[11],[8],[7],,captive0592
974,3de523ee-d359-4044-a792-6de22eef0495,2023-08-06T10:17:17.422900+02:00,2024-01-17T11:39:37.449264+01:00,8,[1],[],[10],,
829,dc400220-b483-4b60-8f52-c36c70a782b5,2023-08-06T10:17:17.422900+02:00,2024-01-17T11:39:48.855843+01:00,13,"[2, 9]",[12],[3],,cshep442
1406,e75629ed-4991-4a48-984c-b297f3f9fb58,2024-12-28T17:07:38.662526+01:00,2024-12-28T17:07:38.662545+01:00,10,"[2, 6, 5]","[14, 4]",[],,clafal
804,9f9edad8-7da0-448c-bfcb-ec61f2d28162,2023-08-06T10:17:17.422900+02:00,2024-01-17T11:21:19.274378+01:00,8,[],[],[7],,marcelbader
445,6441ff9e-037e-48d9-8800-67b430dc8e37,2023-08-06T10:17:17.422900+02:00,2024-01-17T11:30:27.617611+01:00,11,[4],[5],"[1, 8]",7.0,Mens Fitness
537,57e17672-52b9-43cf-8d0d-4b3f06a0c0d0,2023-08-06T10:17:17.422900+02:00,2024-01-17T11:39:59.412795+01:00,11,[4],"[2, 5]","[3, 9]",7.0,wger.de
1370,b199baca-7353-4dee-bbcf-620f96dba5b4,2024-08-17T20:21:08.839636+02:00,2024-08-17T20:21:08.839660+02:00,9,[],[],[3],,Anastasious
1487,ebe7d74b-78a8-4757-9310-6fb22b23aa58,2025-03-06T10:30:01.802902+01:00,2025-03-06T10:30:01.802920+01:00,12,[12],[],[],,Moffi
1115,7c2a70bc-ed97-440c-afd6-ed27daf63f25,2023-08-06T10:17:17.422900+02:00,2024-01-17T11:39:51.286971+01:00,15,[],[],[3],,philip
991,80d83f98-efe5-4d87-a403-c0feadc8650f,2023-08-06T10:17:17.422900+02:00,2024-01-17T11:21:44.170213+01:00,9,[],[],[7],48.0,
373,5f0b757c-0d6a-430b-9d5e-3bfba202878e,2023-08-06T10:17:17.422900+02:00,2024-01-17T11:30:05.685198+01:00,9,[10],[8],[],15.0,wger.de
1391,34cce09a-edb3-4140-892a-1cf70da8d98b,2024-11-23T16:32:52.804089+01:00,2024-11-23T16:32:52.804105+01:00,9,[11],[7],[7],,captive0592
31,f2733700-aa5d-4df7-bc52-1876ab4fb479,2023-08-06T10:17:17.422900+02:00,2024-01-17T11:21:01.706493+01:00,8,[],[],[3],,GrosseHund
1199,6112a068-d4a7-4af3-8dcb-f45253d6787b,2023-10-21T12:52:37.812237+02:00,2024-01-17T11:39:54.208096+01:00,9,[],[],[],,
1316,0a73ac01-7a00-43fe-aadc-2a185cc9aae8,2024-07-01T09:37:19.177449+02:00,2024-07-01T09:37:19.177473+02:00,15,"[7, 10]","[8, 14, 6]",[7],,hektkaso
723,55b9d286-c4cc-4a29-97ad-58cb13c2bb7e,2023-08-06T10:17:17.422900+02:00,2024-01-17T11:39:34.885996+01:00,12,[12],[],[],2.0,tuckerm
1369,54dee720-5cb4-4776-8e02-115651c34d05,2024-08-17T19:55:53.179144+02:00,2024-08-17T19:55:53.179169+02:00,8,[],[],[],,Anastasious
1086,44cfa56c-d8c2-4f2c-8b5a-f29810fd60e7,2023-08-06T10:17:17.422900+02:00,2024-01-17T11:39:47.665752+01:00,11,"[13, 12, 4, 9]","[2, 1, 5]",[7],,philip
722,591992cb-48ee-4b39-b790-e05b4a2c11e3,2023-08-06T10:17:17.422900+02:00,2024-01-17T11:39:45.076313+01:00,9,[],[],[],,jigglychipmunk
1343,0293e68b-90d9-49aa-ad9e-023b884c5ee2,2024-07-23T08:08:17.044741+02:00,2024-07-23T08:08:17.044767+02:00,9,[],[],[],,Anastasious
1286,73dbe7a5-e8f3-48fd-814e-bc3378c15be2,2024-05-02T22:51:38.301218+02:00,2024-05-02T22:51:38.301238+02:00,10,[6],[14],[7],,painDpice
1137,e87b76b8-2960-4225-9146-47f78bf8c630,2023-08-06T10:17:17.422900+02:00,2024-01-17T11:39:52.211684+01:00,12,"[12, 3]",[],[],,Franpol
1097,f3ec1836-ef65-490e-8246-5ab0d3640a7f,2023-08-06T10:17:17.422900+02:00,2024-01-17T11:39:50.056697+01:00,9,[],[],[7],,tregga
369,62170477-90ec-463c-907e-9e523abc0a15,2023-08-06T10:17:17.422900+02:00,2024-01-17T11:39:56.006578+01:00,9,[10],[],[],,BFad07
1374,849f2fa6-42f9-4c59-90f6-275c8ada6725,2024-09-11T15:26:45.612427+02:00,2024-09-11T15:26:45.612448+02:00,10,[6],[],[],,6LXBO
441,bc45125b-58da-4ee9-8895-16a7b930b789,2023-08-06T10:17:17.422900+02:00,2024-01-17T11:39:58.025418+01:00,9,[],[],[],12.0,geraldbaeck
902,50edc0f5-e9d0-471c-9fd7-fd691162b447,2023-08-06T10:17:17.422900+02:00,2024-01-17T11:29:25.646107+01:00,9,[8],[],[1],,enros7500
1142,78c27d09-223b-4e46-a134-060f9f5c6c74,2023-08-06T10:17:17.422900+02:00,2024-01-17T11:39:52.476230+01:00,9,[],[],[],,Franpol
591,f38e9c23-031d-44d0-ac27-7f1026212c73,2023-08-06T10:17:17.422900+02:00,2024-01-17T11:34:58.751787+01:00,10,[6],[],[],10.0,wger.de
1083,981b07b6-e76e-438c-bad4-388441b7ff33,2023-08-06T10:17:17.422900+02:00,2024-01-17T11:39:47.085058+01:00,12,[],[],[],,tinman
301,37f6bd56-815a-4975-99af-05e749fae4b2,2023-08-06T10:17:17.422900+02:00,2024-01-17T11:28:09.029035+01:00,12,[9],[],[],,wger.de
1011,dcbfa3f0-ba88-4633-a30d-c188dccc5d3f,2023-08-06T10:17:17.422900+02:00,2024-01-17T11:39:48.989288+01:00,12,[],[],[7],,
827,d3b21677-7311-40f8-a321-0ad4f7dfc3a9,2023-08-06T10:17:17.422900+02:00,2024-01-17T11:28:50.573049+01:00,13,[2],[],[],,cshep442
254,68e0dbba-2d1e-4a56-8378-8824c1de3342,2023-08-06T10:17:17.422900+02:00,2024-01-17T11:27:59.942045+01:00,13,"[2, 9]",[],[],4.0,Marius
377,9e34bc01-9cec-4ee2-a9bb-9c937a471c24,2023-08-06T10:17:17.422900+02:00,2024-01-17T11:29:48.432272+01:00,10,[6],[3],[4],11.0,wger.de
1360,fe249e2f-5856-420f-8a34-1b02c7fde141,2024-08-17T09:00:43.647384+02:00,2024-08-17T09:00:43.647406+02:00,8,"[2, 1, 13, 10, 9, 5]","[11, 8, 12, 6]",[10],,m4k3r
1497,7b40813b-80a3-42cc-8938-0c5199ef7620,2025-04-06T21:36:50.210841+02:00,2025-04-06T21:36:50.210858+02:00,11,[4],[2],"[8, 3]",,JohnPreston
1451,1e9b886f-0dbe-4434-829e-7159bcc40692,2025-01-31T17:45:06.380260+01:00,2025-01-31T17:45:06.380279+01:00,11,[14],[4],[7],,hpmbala@gmail.com
994,9d9c4c9f-045f-4af5-adf2-8bb07c3516dc,2023-08-06T10:17:17.422900+02:00,2024-01-17T11:21:49.251354+01:00,8,[],[],[7],49.0,
987,fa9838ed-84e8-476c-8157-1774a9c90aff,2023-08-06T10:17:17.422900+02:00,2024-01-17T11:21:38.359750+01:00,9,[],[],[7],48.0,
1399,d5ee3b1f-2879-406f-97a9-51a8b0817cd4,2024-11-23T16:50:40.739559+01:00,2024-11-23T16:50:40.739576+01:00,12,[],[11],[7],,captive0592
1099,45d89ca5-f5c7-4e56-9833-fd160cd2666d,2023-08-06T10:17:17.422900+02:00,2024-01-17T11:39:50.183930+01:00,10,[14],[6],[10],,philip
986,9801e20b-69c3-43d0-9066-450a68230c42,2023-08-06T10:17:17.422900+02:00,2024-01-17T11:21:37.586178+01:00,9,[],[],[7],48.0,
1214,e79616cb-f5fb-4b10-b99d-09d43774e142,2023-12-27T15:44:38.963631+01:00,2024-01-17T11:40:26.606180+01:00,12,"[2, 1, 12]",[5],[6],,clafal
621,eb61c7a1-e1c9-4c44-a8ce-2bbe98a39857,2023-08-06T10:17:17.422900+02:00,2024-01-17T11:39:23.265998+01:00,8,"[1, 13]",[13],[3],16.0,BFad07
20,f24cb758-9c0d-42d4-ad9e-6025c527dd13,2023-08-06T10:17:17.422900+02:00,2024-01-17T11:21:19.366287+01:00,13,[],[],[3],5.0,trzr23
1394,5a5e8883-b185-40ff-b292-9e433d13b5e7,2024-11-23T16:43:33.213573+01:00,2024-11-23T16:43:33.213590+01:00,12,[11],[],[4],,captive0592
1246,069711c7-565a-4abb-90a7-614f66dd9dc3,2024-03-01T04:26:18.179048+01:00,2024-03-01T04:26:18.179069+01:00,10,[6],"[14, 3]",[7],,cynomops
1341,7ff50c00-143c-4119-987f-b1e9ac6d4c0f,2024-07-23T08:00:46.030604+02:00,2024-07-23T08:00:46.030629+02:00,9,[],[],[],,Anastasious
1347,897f1675-8dc2-4ac2-a389-a70c15f22afb,2024-07-23T08:35:31.606014+02:00,2024-07-23T08:35:31.606040+02:00,13,[9],[],[3],,Anastasious
319,eeeb42ae-6a41-4127-b2ec-72376119531b,2023-08-06T10:17:17.422900+02:00,2024-01-17T11:29:40.552284+01:00,15,[],[],[],,Papazit
76,3db63138-a047-4a4d-b616-1a0b7dfca105,2023-08-06T10:17:17.422900+02:00,2024-01-17T11:25:07.100003+01:00,8,[5],"[2, 4]","[1, 8]",7.0,wger.de
1206,6f0d5766-05ac-41b5-a592-7036ac99ee49,2023-11-25T18:30:41.009817+01:00,2024-01-17T11:39:54.528149+01:00,12,[],[],[7],,
962,95a300de-2ad8-492e-9364-13766d9e7618,2023-08-06T10:17:17.422900+02:00,2024-01-17T11:21:18.394432+01:00,15,"[8, 10, 9]","[1, 6, 5]",[7],,clafal
1200,f5252fbe-1e00-4b8d-8781-2e56d6a5250f,2023-11-13T16:51:51.614252+01:00,2024-01-17T11:39:54.277214+01:00,14,[],[],[7],,cynomops
1010,b646e62d-c616-4460-b4d1-23cc6a6ddb51,2023-08-06T10:17:17.422900+02:00,2024-01-17T11:25:18.913303+01:00,12,[],[],[7],,
1111,4aa7e2a7-86ad-4322-978f-ff8b391f556c,2023-08-06T10:17:17.422900+02:00,2024-01-17T11:39:51.122727+01:00,11,[4],[5],"[8, 9]",,anon1337
178,d4db2355-4c99-4d80-a179-6aeced7c7fed,2023-08-06T10:17:17.422900+02:00,2024-01-17T11:26:44.539124+01:00,10,[],[],[],,Metin
1082,f3f4e9c5-9bf6-43f6-a2cf-798507a50293,2023-08-06T10:17:17.422900+02:00,2024-01-17T11:39:47.055852+01:00,12,[],[],[],,tinman
1392,77a56810-d050-4083-9501-d648f773376a,2024-11-23T16:40:21.912604+01:00,2024-11-23T16:40:21.912630+01:00,9,[11],[],[7],,captive0592
129,5c414175-fe72-455a-ba8f-a0575cf792bd,2023-08-06T10:17:17.422900+02:00,2024-01-17T11:26:37.407454+01:00,11,[4],[],[],,wger.de
203,b7c6a444-90ea-4f5b-9fea-748311606eaa,2023-08-06T10:17:17.422900+02:00,2024-01-17T11:27:18.204540+01:00,9,[10],[],[3],12.0,ataraxie67
908,89c3d614-e841-4c04-bee8-6761567e4b7c,2023-08-06T10:17:17.422900+02:00,2024-01-17T11:21:17.801534+01:00,15,[],[],[],,karly
1310,73c528e6-6a18-4300-8b95-8e6e110f0a4c,2024-06-22T10:43:12.019437+02:00,2024-06-22T10:43:12.019458+02:00,11,[4],"[1, 5]",[7],,hektkaso
346,91c47c8b-6290-4885-8921-df9aa7958c00,2023-08-06T10:17:17.422900+02:00,2024-01-17T11:29:39.567587+01:00,13,[2],"[4, 5]",[1],,Torsten Linnecke
71,046fce45-69f2-46f7-a5b6-79a25a485af1,2023-08-06T10:17:17.422900+02:00,2024-01-17T11:25:15.870045+01:00,9,[10],[],[],25.0,wger.de
684,76965848-9776-4be5-b879-e3c97033b80f,2023-08-06T10:17:17.422900+02:00,2024-01-17T11:39:36.615116+01:00,12,[12],[1],[],2.0,tuckerm
713,51a80676-92d8-4f91-b51a-4666888e40db,2023-08-06T10:17:17.422900+02:00,2024-01-17T11:39:44.453799+01:00,8,"[2, 4, 5]","[8, 6, 3, 9]",[7],8.0,Dexter
1002,6e1af72c-f9f5-490d-8977-564df4f24b6f,2023-08-06T10:17:17.422900+02:00,2024-01-17T11:21:58.062615+01:00,12,[],[],[7],,
1491,dd0d5504-6204-4775-86f2-84b7c69fff5f,2025-03-13T13:45:14.040196+01:00,2025-03-13T13:45:14.040214+01:00,12,[12],[],[6],,technofer
1205,2cc92db8-b245-44b8-b1d6-bf91c78c2ab9,2023-11-25T16:14:05.325823+01:00,2024-01-17T11:39:54.475336+01:00,8,[],[],[3],,wakanda90
448,748e9635-7958-4a41-b1ed-93de74c7ef72,2023-08-06T10:17:17.422900+02:00,2024-01-17T11:30:26.611296+01:00,12,"[12, 9]","[1, 5]",[1],1.0,Nallitnas
146,0d79f259-3b28-4258-8a08-cffec062a710,2023-08-06T10:17:17.422900+02:00,2024-01-17T11:25:26.154622+01:00,14,"[7, 15]",[],[],6.0,nate303303
1395,bb948d34-8948-4995-9e59-003d7b6fc1b2,2024-11-23T16:46:02.116918+01:00,2024-11-23T16:46:02.116939+01:00,9,[11],[],[7],,captive0592
1208,f9866335-e489-404b-84b5-248fb8512702,2023-11-25T19:14:03.957632+01:00,2024-01-17T11:39:54.598167+01:00,9,[],[],[7],,lxmx
1092,d301d901-a2c6-4916-b09e-07ab7a3c8519,2023-08-06T10:17:17.422900+02:00,2024-01-17T11:40:25.532528+01:00,15,"[2, 4, 9]","[1, 11, 7, 12, 14, 6]",[7],,clafal
1472,05853a58-4426-450c-9b06-bfa461a767bf,2025-02-25T21:29:07.544099+01:00,2025-02-25T21:29:07.544116+01:00,13,[9],[],[],,Expenses7000
1351,e2b8c14f-4a1a-4171-a08b-2472bb67bd0b,2024-07-23T13:30:14.988524+02:00,2024-07-23T13:30:14.988546+02:00,12,[],[],[],,Anastasious
132,48ee1385-47c5-4821-8b6a-57fac6130776,2023-08-06T10:17:17.422900+02:00,2024-01-17T11:25:38.364016+01:00,11,[],[],[],,er0355
1414,f462df26-3264-48c2-b5aa-2374d0670c24,2025-01-10T03:05:21.881170+01:00,2025-01-10T03:05:21.881186+01:00,9,[10],"[11, 7, 8]",[],,hpmbala@gmail.com
1095,acbe9416-c717-40f4-a30e-9375b1f3e797,2023-08-06T10:17:17.422900+02:00,2024-01-17T11:39:49.807015+01:00,11,[4],"[2, 5]",[8],,colundrum
1234,7cc24acf-3fc9-4d14-a461-cd00d1d18f0e,2024-02-21T10:32:37.057112+01:00,2024-02-21T10:32:37.057133+01:00,9,[8],"[11, 10]",[1],,carlos3c
1333,17947bd2-db2d-4ba6-998c-1bbf31cf228a,2024-07-22T22:07:35.727576+02:00,2024-07-22T22:07:35.727600+02:00,8,[],[],[3],,Anastasious
237,07c5b9f4-2be5-4a3d-b6d2-16235da1ae3a,2023-08-06T10:17:17.422900+02:00,2024-01-17T11:27:28.567725+01:00,11,[4],[],[],9.0,wger.de
916,cbf4cf16-f188-4a60-a223-aa50b163f4b7,2023-08-06T10:17:17.422900+02:00,2024-01-17T11:29:25.707823+01:00,13,[2],[],[9],,novadani
1471,84b38ac6-9628-4f80-8940-204047fa2544,2025-02-25T21:23:50.141777+01:00,2025-02-25T21:23:50.141794+01:00,12,"[12, 9]",[],[],,Expenses7000
1466,efeccb1b-73c0-4303-8542-bb4f45ef831a,2025-02-24T22:21:59.739235+01:00,2025-02-24T22:21:59.739262+01:00,9,"[7, 15]",[],[],,Expenses7000
323,b16e3e5d-8401-4d2b-919c-15b536f9ec5e,2023-08-06T10:17:17.422900+02:00,2024-01-17T11:29:39.675753+01:00,11,[4],[2],[],,wger.de
348,63375f5b-2d81-471c-bea4-fc3d207e96cb,2023-08-06T10:17:17.422900+02:00,2024-01-17T11:29:05.370176+01:00,13,[2],[],[3],4.0,wger.de
1363,1fe103e2-1def-41de-8eab-e2e11296446d,2024-08-17T13:28:05.517505+02:00,2024-08-17T13:28:05.517527+02:00,12,[],[],[],,Anastasious
1106,3a8a9588-3d19-4042-84e5-2ff49a842c67,2023-08-06T10:17:17.422900+02:00,2024-01-17T11:39:50.625367+01:00,10,[6],[14],[7],,utkb
1504,82f19d1c-f12b-49f0-bfdd-24239f93eabc,2025-04-06T22:16:50.863451+02:00,2025-04-06T22:16:50.863467+02:00,13,[2],[],[3],,JohnPreston
238,95d226ad-3bf7-4cd6-aa64-2f26b526d8b6,2023-08-06T10:17:17.422900+02:00,2024-01-17T11:27:32.819490+01:00,11,[4],[],[3],9.0,wger.de
112,d551f24d-44fe-4761-9448-edf14d627827,2023-08-06T10:17:17.422900+02:00,2024-01-17T11:23:05.552445+01:00,8,[],[],[7],,cal.zabel
1413,4e6a205f-0d43-4525-878b-00513d946fcb,2025-01-08T17:11:59.409104+01:00,2025-01-08T17:11:59.409123+01:00,10,[6],[8],[7],,hpmbala@gmail.com
289,b526b17b-408d-4da2-8940-ceaf9dae9d93,2023-08-06T10:17:17.422900+02:00,2024-01-17T11:28:47.300549+01:00,13,[2],[8],[],,Mahoney
268,fb928a58-9e24-4e7b-b714-71a5f759e8d6,2023-08-06T10:17:17.422900+02:00,2024-01-17T11:28:49.369375+01:00,9,[11],[],[],,wger.de
583,9374fdaf-411f-4ae6-8f0c-21cc2d3dc667,2023-08-06T10:17:17.422900+02:00,2024-01-17T11:35:21.941279+01:00,11,"[2, 14, 4, 5]",[],[],8.0,nate303303
569,141bc870-56be-4749-a3b9-e56d5d5618b4,2023-08-06T10:17:17.422900+02:00,2024-01-17T11:34:58.030567+01:00,13,[2],[],[],5.0,wger.de
1202,7212cc74-656e-47ce-8292-d211676f2ee1,2023-11-20T19:26:54.203837+01:00,2024-01-17T11:39:54.357894+01:00,9,[],[],[7],,wakanda90
124,8c6428f3-d41d-4ffc-8444-bb9b823bc42b,2023-08-06T10:17:17.422900+02:00,2024-01-17T11:25:25.385166+01:00,9,[10],[8],[],12.0,sevae
615,a2f5b6ef-b780-49c0-8d96-fdaff23e27ce,2023-08-06T10:17:17.422900+02:00,2024-01-17T11:36:00.729726+01:00,9,[10],[8],[1],12.0,wger.de
693,5d40c67d-be59-4092-9c9c-301ca5310e2b,2023-08-06T10:17:17.422900+02:00,2024-01-17T11:39:41.576050+01:00,13,"[2, 9]",[1],[2],46.0,wger.de
1400,4f38cc2e-5904-4ef5-b811-e729105cfd3b,2024-11-23T16:51:37.951377+01:00,2024-11-23T16:51:37.951395+01:00,9,[11],[],[7],,captive0592
1482,31a58615-d3ae-4233-9c50-9143c899ce8c,2025-03-03T11:26:57.334267+01:00,2025-03-03T11:26:57.334287+01:00,8,[1],[],[3],,Moffi
1488,c395ad8d-164c-4031-9136-b4116d354451,2025-03-06T10:54:49.804295+01:00,2025-03-06T10:54:49.804315+01:00,12,[12],[],[3],,Moffi
988,7ce489d2-1948-46de-aa80-277b2ca737aa,2023-08-06T10:17:17.422900+02:00,2024-01-17T11:21:39.253498+01:00,9,[],[],[7],48.0,
1340,c167c949-dae0-48c7-9c8c-05195752908a,2024-07-23T07:54:30.649293+02:00,2024-07-23T07:54:30.649318+02:00,9,[],[],[],,Anastasious
1462,adf81065-407c-4dd7-8ec5-920cc5944d58,2025-02-23T19:47:15.703299+01:00,2025-02-23T19:47:15.703317+01:00,8,"[2, 5]",[],[7],,lh1701
527,a48295d8-21da-4625-8a85-331d7ced8d8b,2023-08-06T10:17:17.422900+02:00,2024-01-17T11:34:56.366087+01:00,15,[],[],[],44.0,BeLikeWater
490,2b6c09f7-dbf1-45ea-baf6-9a12e0b12396,2023-08-06T10:17:17.422900+02:00,2024-01-17T11:34:29.216455+01:00,12,"[12, 9]",[],[3],1.0,fletchgraham
235,fdc550b6-ec58-4023-ba62-b54045e9a10d,2023-08-06T10:17:17.422900+02:00,2024-01-17T11:26:45.794328+01:00,10,"[14, 6]",[],[],11.0,nate303303
1132,ab872d04-ca20-4341-b3c9-76763b25ef42,2023-08-06T10:17:17.422900+02:00,2024-01-17T11:39:52.061411+01:00,9,[8],[],[],,Franpol
590,6e46833d-fd83-4c1a-90af-eb3f3a917199,2023-08-06T10:17:17.422900+02:00,2024-01-17T11:35:18.339777+01:00,14,[15],[7],[],6.0,wger.de
82,6f79b381-98a4-40d5-8a45-3bb0558be6fe,2023-08-06T10:17:17.422900+02:00,2024-01-17T11:23:19.837819+01:00,13,[],[],"[8, 3]",4.0,apeschel
627,22c59ede-970b-43e1-bb51-ac1c2be0b0e0,2023-08-06T10:17:17.422900+02:00,2024-01-17T11:35:51.952451+01:00,9,[11],[8],[1],3.0,tuckerm
376,c2078aac-e4e2-4103-a845-6252a3eb795e,2023-08-06T10:17:17.422900+02:00,2024-01-17T11:29:52.305708+01:00,9,"[14, 6]",[],[],11.0,BFad07
990,6ddea666-5a57-4ac0-926f-01f8cfdaa4fd,2023-08-06T10:17:17.422900+02:00,2024-01-17T11:21:43.618769+01:00,9,[],[],[7],,
1396,af59f161-147a-49ba-85c8-6c9f4e5ffe63,2024-11-23T16:46:56.725512+01:00,2024-11-23T16:46:56.725529+01:00,9,[11],[],[7],,captive0592
202,46e0f60c-fdc0-489a-82e4-a5b7476a5c21,2023-08-06T10:17:17.422900+02:00,2024-01-17T11:40:26.727006+01:00,8,[13],[1],[3],16.0,http://www.exrx.net/WeightExercises/Brachialis/DBC
79,01271ea0-088c-4e2b-95ad-876af7127057,2023-08-06T10:17:17.422900+02:00,2024-01-17T11:25:16.451988+01:00,13,[9],[],[3],,lakerbeezel
1470,a8a4ea81-9531-48e1-b6dc-f7621c7b9283,2025-02-25T21:00:07.513308+01:00,2025-02-25T21:00:07.513327+01:00,12,[12],[],[],,Expenses7000
1425,33728393-2b84-4d39-8b68-462222e004e3,2025-01-15T03:47:11.890721+01:00,2025-01-15T03:47:11.890736+01:00,10,[6],[],[7],,hpmbala@gmail.com
989,44afe80f-1ab2-4149-adbf-d8e0ece990ce,2023-08-06T10:17:17.422900+02:00,2024-01-17T11:21:41.451030+01:00,9,[],[],[7],48.0,
1390,a51de8df-4101-45cb-8da5-de230d9bac1d,2024-11-23T16:30:46.550838+01:00,2024-11-23T16:30:46.550856+01:00,9,"[11, 8]",[7],[7],,captive0592
510,88dbcc74-0304-4fcf-8a47-92d14a484b0a,2023-08-06T10:17:17.422900+02:00,2024-01-17T11:34:35.670824+01:00,12,[12],[],[],1.0,wger.de
1260,f36a9fd0-7bd2-42a4-85fa-902b7cf3be45,2024-03-25T13:17:58.059605+01:00,2024-03-25T13:17:58.059626+01:00,8,[1],[],[],,cynomops
1448,ecc46519-94b8-4ecc-b5b8-973e753e98a6,2025-01-24T20:57:02.236702+01:00,2025-01-24T20:57:02.236722+01:00,8,"[1, 13]",[],"[8, 3]",,M9
1186,6b6c69bc-0b1e-4b2f-ab61-4945eb18047e,2023-08-06T10:17:17.422900+02:00,2024-01-17T11:39:53.041940+01:00,12,[],[],[],,anto.kreegyr
310,27eb3d4a-8677-4c1f-bf34-251e2b4741cb,2023-08-06T10:17:17.422900+02:00,2024-01-17T11:28:49.919934+01:00,12,[],[12],"[3, 9]",1.0,cal.zabel
1116,3393db0b-98b7-4d53-a0d4-985f97875295,2023-08-06T10:17:17.422900+02:00,2024-01-17T11:39:51.331255+01:00,9,[],[],[3],,philip
1290,dd6e8753-a574-476e-900a-b794eb592e7b,2024-05-05T17:30:49.446402+02:00,2024-05-05T17:30:49.446422+02:00,8,[1],[13],[1],,sTiKyt
1089,66c7eb38-77b5-4d2f-810f-cddd8d97d5a3,2023-08-06T10:17:17.422900+02:00,2024-01-17T11:39:47.843705+01:00,10,"[14, 6]",[],[5],,clafal
907,ed00a43f-f761-41f2-94d4-056120bc5f6d,2023-08-06T10:17:17.422900+02:00,2024-01-17T11:21:17.691584+01:00,13,"[2, 5]",[4],[],,karly
1380,f18eb684-9a9b-4566-9771-e22a87d536b1,2024-10-07T10:45:20.418196+02:00,2024-10-07T10:45:20.418213+02:00,12,[],[],[],,schwolfar
1001,b2b40a54-e42b-49ec-97da-4c929ae41d42,2023-08-06T10:17:17.422900+02:00,2024-01-17T11:21:57.367357+01:00,11,[],[],[7],45.0,
584,c85e6137-2577-4e28-82c2-427407d534eb,2023-08-06T10:17:17.422900+02:00,2024-01-17T11:35:18.000435+01:00,8,[1],[],[3],16.0,tuckerm
1469,7ef2e00e-067c-48e0-9b42-3d622e0df8a4,2025-02-24T22:43:36.165114+01:00,2025-02-24T22:43:36.165132+01:00,11,[4],[],[],,Expenses7000
997,18d277a0-7222-46e7-b2bf-47c8ed169c30,2023-08-06T10:17:17.422900+02:00,2024-01-17T11:21:53.279974+01:00,11,[],[],[7],,
917,ca16aa3c-9b43-4d81-ae60-1e225163b767,2023-08-06T10:17:17.422900+02:00,2024-01-17T11:29:47.108656+01:00,13,[2],[],[2],,novadani
1280,8bb42000-834f-48ab-af5c-0c31d94e0181,2024-04-21T04:01:07.756128+02:00,2024-04-21T04:01:07.756152+02:00,8,[1],"[2, 12]",[],,daniel.escada
1029,da588c5e-ab8b-42a7-a52c-1e680a484334,2023-08-06T10:17:17.422900+02:00,2024-01-17T11:39:46.729807+01:00,12,[],[],[7],,tinman
1298,4ef75e13-c058-4410-91c0-2f2d2df98130,2024-05-18T16:42:47.901202+02:00,2024-05-18T16:42:47.901221+02:00,8,[5],[],[],,JackSparrow
1000,cf79d9fb-ffce-4648-a64f-27e4274e4c20,2023-08-06T10:17:17.422900+02:00,2024-01-17T11:21:55.826063+01:00,8,[],[],[7],,
1245,f41ac754-45a0-443b-afe5-e624e215229f,2024-02-29T16:26:56.557245+01:00,2024-02-29T16:26:56.557273+01:00,10,"[12, 6]",[],[7],,clafal
616,30ac081b-fb79-4253-9457-8efc07568790,2023-08-06T10:17:17.422900+02:00,2024-01-17T11:35:50.892632+01:00,9,"[8, 10, 6, 15]",[],[7],12.0,BFad07
1335,aec3351d-c3e4-4d4d-83a8-5a4d4162471d,2024-07-22T22:56:12.605056+02:00,2024-07-22T22:56:12.605084+02:00,15,[],[],[7],,Anastasious
1443,c146fa3c-35a4-4e6e-9000-e12a9ee19cbd,2025-01-24T20:03:16.902965+01:00,2025-01-24T20:03:16.902983+01:00,13,[2],[],[3],,M9
1211,a3125129-203f-4195-8f8a-a460ff9e9481,2023-11-28T21:53:22.076596+01:00,2024-01-17T11:39:54.692007+01:00,9,[11],[],"[3, 10]",,wakanda90
1305,c8fc3c15-f887-4f2f-89f0-4aa8ea77b698,2024-06-10T02:51:02.646841+02:00,2024-06-10T02:51:02.646867+02:00,11,[4],"[2, 5]",[7],,hektkaso
1344,3507a564-6a40-4e1d-a6ee-c2df2188e2fc,2024-07-23T08:12:04.163539+02:00,2024-07-23T08:12:04.163567+02:00,9,[],[],[],,Anastasious
1393,45cd73d7-98ac-4451-849a-a645fcfe9bee,2024-11-23T16:41:14.684256+01:00,2024-11-23T16:41:14.684283+01:00,9,[11],[],[7],,captive0592
83,4af6dbd9-8991-484b-9810-68f117c21edf,2023-08-06T10:17:17.422900+02:00,2024-01-17T11:22:17.897437+01:00,12,[12],"[2, 1]",[1],1.0,wger.de
1230,aa72741d-17ae-410e-b49a-1df7aaf0afe1,2024-02-18T19:57:18.447777+01:00,2024-02-18T19:57:18.447797+01:00,8,[5],[],[7],,Lynn_McIntyre
571,270e108d-3cd2-45a9-807b-c357317eb15c,2023-08-06T10:17:17.422900+02:00,2024-01-17T11:35:23.193843+01:00,13,[2],[],[1],38.0,wger.de
1496,4b23738a-67a8-41af-996d-abc53a7c3f97,2025-04-06T21:31:31.402803+02:00,2025-04-06T21:31:31.402819+02:00,11,[4],[2],[3],,JohnPreston
516,58416166-7a3a-470d-b493-27332799dcdf,2023-08-06T10:17:17.422900+02:00,2024-01-17T11:34:35.397295+01:00,12,[],[],[],,Konsumopfer
1446,8c509754-c86f-4c1b-bfa9-29c906ffc409,2025-01-24T20:22:19.718351+01:00,2025-01-24T20:22:19.718367+01:00,13,"[2, 11, 8, 10]","[12, 6, 9, 5]",[1],,M9
395,77c98954-b50d-46f0-9912-3981f856d5a6,2023-08-06T10:17:17.422900+02:00,2024-01-17T11:29:41.837284+01:00,12,[12],"[1, 13]",[],,wger.de
174,b7ff64bc-7a7c-4dbc-af6f-fabc20425f5f,2023-08-06T10:17:17.422900+02:00,2024-01-17T11:26:35.527034+01:00,10,[6],[14],[],10.0,krisbbb
1294,caccd791-ff30-452a-816e-790edadb78cd,2024-05-14T11:01:56.933363+02:00,2024-05-14T11:01:56.933384+02:00,12,"[8, 12]",[],[7],,clafal
958,596b9d2d-0f01-41a0-97e1-1839ffdb824d,2023-08-06T10:17:17.422900+02:00,2024-01-17T11:21:18.037100+01:00,10,[1],[],[7],,clafal
694,01976085-6701-45ea-b152-5c46ba60550d,2023-08-06T10:17:17.422900+02:00,2024-01-17T11:39:36.834265+01:00,13,"[2, 9]",[1],[3],46.0,koreyhinton
1114,af5a3520-25eb-4dd7-b802-a7382b8ce3ef,2023-08-06T10:17:17.422900+02:00,2024-01-17T11:39:51.256055+01:00,8,[],[],[],,philip
1430,493fb1ac-c45a-4b18-bcbb-58b809881e6f,2025-01-23T04:09:23.197726+01:00,2025-01-23T04:09:23.197743+01:00,8,[2],[],[],,hpmbala@gmail.com
1297,31df980c-a493-418f-ab49-a986c3c23bc4,2024-05-18T14:58:08.499139+02:00,2024-05-18T14:58:08.499166+02:00,8,[5],[],[2],,JackSparrow
1304,28b65190-cae2-4d15-8f4e-dde0d9cc4d4b,2024-06-05T11:41:37.161084+02:00,2024-06-05T11:41:37.161108+02:00,12,"[12, 9]","[1, 6]",[1],,carlos3c
918,6d010eae-2e36-4ec6-b191-c0373f237bb4,2023-08-06T10:17:17.422900+02:00,2024-01-17T11:32:20.148860+01:00,13,[2],[],[3],,novadani
801,68e5eae7-7fd0-4d69-9b50-d0df15feac91,2023-08-06T10:17:17.422900+02:00,2024-01-17T11:21:22.483187+01:00,11,[],[],[3],8.0,
1241,29a361d5-1300-4fb4-90d6-d6350bec9cb9,2024-02-28T19:15:16.272209+01:00,2024-02-28T19:15:16.272241+01:00,9,[15],[],[7],,erikocobra
1302,67c2fe41-f1e9-4f75-b2cb-72d1f2e092f7,2024-06-04T11:50:14.981453+02:00,2024-06-04T11:50:14.981474+02:00,8,[5],"[1, 4]",[1],,Epiphany8424
1103,f636ae1c-f678-48fe-96b3-1a9ae81f43ce,2023-08-06T10:17:17.422900+02:00,2024-01-17T11:39:50.395570+01:00,10,[6],"[2, 1, 8, 12]",[7],,clafal
1293,8911c37d-8907-4077-b883-86a7c5fcb606,2024-05-11T11:14:05.416164+02:00,2024-05-11T11:14:05.416182+02:00,10,"[4, 5]","[2, 6]",[7],,clafal
1244,8ca01d32-2e86-49a1-a130-b99219432e42,2024-02-29T12:48:33.325303+01:00,2024-02-29T12:48:33.325332+01:00,12,"[2, 12, 9]","[14, 6]",[4],,damnlost
975,d7d4fc16-08cd-4568-87e7-d9e4e2f77393,2023-08-06T10:17:17.422900+02:00,2024-01-17T11:21:18.558956+01:00,8,[1],[],[10],,clafal
1303,e781dae5-90b8-4105-8aa6-82d278ac5ff5,2024-06-04T13:27:19.741232+02:00,2024-06-04T13:27:19.741254+02:00,12,[12],[9],[3],,carlos3c
1013,7f8997d2-e21f-492f-a470-b9f0c5e54f1d,2023-08-06T10:17:17.422900+02:00,2024-01-17T11:25:21.070963+01:00,12,[],[],[7],52.0,
1292,2acb5ba1-caa3-4204-9903-ff0095b032ba,2024-05-08T13:59:29.428204+02:00,2024-05-08T13:59:29.428230+02:00,10,"[1, 12]",[6],[6],,clafal
688,6fc4815a-8852-4e89-a10b-bd36a9029dbb,2023-08-06T10:17:17.422900+02:00,2024-01-17T11:39:45.293793+01:00,11,[14],[],[6],,http://www.carinatum.com/
158,63fbb8e5-6ebc-4def-8844-3e65e097213b,2023-08-06T10:17:17.422900+02:00,2024-01-17T11:25:23.380394+01:00,12,[12],[],[],2.0,tuckerm
1288,81c6b9ef-7cb7-4328-8cb4-47ae8ecc42be,2024-05-02T23:27:51.346718+02:00,2024-05-02T23:27:51.346740+02:00,10,[14],[6],[7],,painDpice
1207,89651d40-9abf-49b5-9ee5-7b0ecb25fd03,2023-11-25T19:08:11.599727+01:00,2024-01-17T11:39:54.564223+01:00,12,[],[],[7],,lxmx
265,ceb0c2d0-06ac-4a49-89e7-8d7b1c1e5672,2023-08-06T10:17:17.422900+02:00,2024-01-17T11:28:47.594579+01:00,9,[8],[11],[],,tdprice12
915,3d85bdce-e1a9-48a2-b14d-8032820ebf25,2023-08-06T10:17:17.422900+02:00,2024-01-17T11:28:19.305841+01:00,13,[2],[],[],,novadani
1093,f6d8e157-c233-4a22-9c1a-83cb8f613ea5,2023-08-06T10:17:17.422900+02:00,2024-01-17T11:39:49.394965+01:00,15,"[2, 1, 11, 13, 7, 8, 12, 14, 10, 6, 3, 15, 9]",[],[7],,Boertie
851,0b84816e-3d11-47f0-a043-2a3f20504a48,2023-08-06T10:17:17.422900+02:00,2024-01-17T11:40:25.706797+01:00,9,[10],[11],[],,enros7500
979,b2025776-2397-4de7-a49e-296321169481,2023-08-06T10:17:17.422900+02:00,2024-01-17T11:21:48.955072+01:00,10,[6],"[14, 10]",[6],,clafal
1318,32942c8c-0572-4d8b-9aec-48cb026fda1f,2024-07-01T10:21:02.136111+02:00,2024-07-01T10:21:02.136132+02:00,15,"[14, 6]","[1, 8, 10, 5]",[7],,hektkaso
993,cd51aa2a-52b3-43df-8011-0c8ef4b7ed11,2023-08-06T10:17:17.422900+02:00,2024-01-17T11:21:46.750620+01:00,15,[],[],[7],,
371,66a42396-c207-44da-bc75-758a89d32404,2023-08-06T10:17:17.422900+02:00,2024-01-17T11:30:10.120200+01:00,9,"[11, 7, 8, 10]","[7, 8]",[],15.0,BFad07
805,ea63d85c-8579-4dda-b99f-c4c8930f9af6,2023-08-06T10:17:17.422900+02:00,2024-01-17T11:21:03.018786+01:00,8,[5],[],[],,cshep442
1410,94f2dea6-b336-41b2-a438-3ab7b13adbf7,2025-01-03T02:24:29.443123+01:00,2025-01-03T02:24:29.443147+01:00,9,[8],[],[7],,hpmbala@gmail.com
655,5915fabe-c941-4dac-b196-bc4e8c7ce57b,2023-08-06T10:17:17.422900+02:00,2024-01-17T11:39:23.657191+01:00,8,[5],[],[3],,http://www.bodybuilding.com/
1442,b4e78b5a-6141-4fc9-a6f7-cba13ce6559b,2025-01-24T19:55:07.517357+01:00,2025-01-24T19:55:07.517372+01:00,13,[2],"[1, 4, 6, 5]",[3],,M9
365,3bc8b411-a28d-4e1c-a6d1-769e18fe9881,2023-08-06T10:17:17.422900+02:00,2024-01-17T11:28:50.656846+01:00,9,[11],[],[],14.0,wger.de
1139,f32a61d0-bef3-4ea8-a296-6a64c7a6ece7,2023-08-06T10:17:17.422900+02:00,2024-01-17T11:39:52.310081+01:00,8,[1],[],[],,Franpol
1450,d8d1b919-94e1-4e91-b37e-29bb8a479740,2025-01-31T17:39:48.657289+01:00,2025-01-31T17:39:48.657306+01:00,12,[6],[4],[7],,hpmbala@gmail.com
308,55ff32e6-24ab-4303-9b50-176d60d48796,2023-08-06T10:17:17.422900+02:00,2024-01-17T11:29:28.884263+01:00,11,[4],[],"[3, 9]",9.0,tuckerm
1225,fd38d854-a244-4646-842b-ef1e0fbfede8,2024-02-18T17:26:16.656201+01:00,2024-02-18T17:26:16.656223+01:00,8,[1],[],[3],,Lynn_McIntyre
1223,ecf9c0e2-a1d0-4e6e-90e9-5c029e98f2c9,2024-02-18T17:13:30.325022+01:00,2024-02-18T17:13:30.325044+01:00,8,[2],[],[7],,Lynn_McIntyre
925,ef2df6a2-41df-4a25-b2e0-4808dc2c3305,2023-08-06T10:17:17.422900+02:00,2024-01-17T11:25:23.290380+01:00,11,[4],[],[],,novadani
313,312017c4-c431-46b2-86dd-b9f480617d6f,2023-08-06T10:17:17.422900+02:00,2024-01-17T11:29:27.730321+01:00,11,[4],[11],[],8.0,kwrindy
1080,476c1d96-6590-4f86-98f0-3f12808fab53,2023-08-06T10:17:17.422900+02:00,2024-01-17T11:39:46.975742+01:00,13,"[2, 4]",[5],[],,Imobard
1342,3f6b0e36-79e4-475f-aaf4-bca04acdebb7,2024-07-23T08:04:48.367932+02:00,2024-07-23T08:04:48.367958+02:00,9,[],[],[],,Anastasious
137,80ff0a3a-ae45-497d-8c27-2b12e3b6e1b8,2023-08-06T10:17:17.422900+02:00,2024-01-17T11:25:32.907801+01:00,11,[4],[],[],41.0,wger.de
208,fe328b2b-cc6d-4f12-a2c6-85ce374217c7,2023-08-06T10:17:17.422900+02:00,2024-01-17T11:27:59.793588+01:00,8,[1],[],[],,wger.de
614,5c0824dc-f2fb-4d19-a1e5-7c33219ad51d,2023-08-06T10:17:17.422900+02:00,2024-01-17T11:35:59.751943+01:00,9,[10],[],[],12.0,OGhTebfCxhexZXuf35mUxV9C--A
1498,732a9a7f-fb45-41ea-94a3-6a7246a699f6,2025-04-06T21:39:30.592393+02:00,2025-04-06T21:39:30.592409+02:00,8,[5],[4],"[8, 3]",,JohnPreston
94,42227131-9b1e-4220-b082-c523f0651057,2023-08-06T10:17:17.422900+02:00,2024-01-17T11:23:12.790300+01:00,8,[1],[13],[2],16.0,wger.de
1355,a8214cac-c308-429a-96bb-10e0d27c3292,2024-08-03T00:17:39.081658+02:00,2024-08-03T00:17:39.081682+02:00,9,[11],[8],[3],,Rafael_Cassemiro
570,f956977e-cc05-4db2-a387-ba6140b1ef34,2023-08-06T10:17:17.422900+02:00,2024-01-17T11:35:29.855985+01:00,13,[9],[],[7],38.0,BFad07
923,dab7400b-e86e-4224-bcea-4a915dc928e0,2023-08-06T10:17:17.422900+02:00,2024-01-17T11:21:17.916872+01:00,12,[12],[],[3],,novadani
1188,d36fdd3c-9a35-4643-a3fd-57db78c866d6,2023-08-06T10:17:17.422900+02:00,2024-01-17T11:39:53.144793+01:00,10,[],[],[3],141.0,
995,69b3da17-11cc-41fe-bbc1-ee6c45ced41c,2023-08-06T10:17:17.422900+02:00,2024-01-17T11:21:50.068221+01:00,8,[],[],[7],49.0,
211,d8bddb58-91b0-4d7b-8ec1-cd742584b607,2023-08-06T10:17:17.422900+02:00,2024-01-17T11:27:38.572463+01:00,8,[5],"[2, 4]",[3],17.0,tuninx
1500,5efffab3-53dd-4c2a-9558-31e3b5cebbcc,2025-04-06T21:51:14.674613+02:00,2025-04-06T21:51:14.674630+02:00,11,[4],[2],[3],,JohnPreston
1320,fbeb1fd5-d259-4a85-a993-03569d8146dc,2024-07-01T10:59:19.323637+02:00,2024-07-01T10:59:19.323659+02:00,8,"[1, 13, 5]","[2, 4, 15, 9]",[7],,hektkaso
901,7b6460b2-49d2-40b0-a4f6-4780c79f7e25,2023-08-06T10:17:17.422900+02:00,2024-01-17T11:28:19.227427+01:00,9,[8],[],[1],,enros7500
580,e1b99153-0102-47fc-b0cd-c21509827b0b,2023-08-06T10:17:17.422900+02:00,2024-01-17T11:35:35.020621+01:00,10,[6],[14],[7],45.0,http://www.bodybuilding.com/
1014,8374a856-9293-4b90-900e-00c3bfe21cc4,2023-08-06T10:17:17.422900+02:00,2024-01-17T11:25:21.127376+01:00,12,[],[],[7],52.0,
1131,19a9f67b-60f5-4367-9134-b805f3e73956,2023-08-06T10:17:17.422900+02:00,2024-01-17T11:39:52.021703+01:00,9,[8],[],[],,Franpol
1125,d33f3b19-436f-48a2-aff6-946582c94bdb,2023-08-06T10:17:17.422900+02:00,2024-01-17T11:39:51.694538+01:00,12,[12],[],[],,Franpol
530,654793c2-e0e3-41fd-a549-0ece0f4378e8,2023-08-06T10:17:17.422900+02:00,2024-01-17T11:39:58.157545+01:00,15,[],[],[],44.0,foguinho.peruca
465,dd52fb99-9426-4a78-b446-20a8e3e4ec47,2023-08-06T10:17:17.422900+02:00,2024-01-17T11:30:27.738360+01:00,8,[13],[13],[2],16.0,cgoob883
912,36274d27-3812-4b8c-80e2-ab59acf82c4d,2023-08-06T10:17:17.422900+02:00,2024-01-17T11:21:45.455883+01:00,8,[1],[],[],,novadani
1502,038f7cb1-6aa3-4c48-a19d-a31993f7b0d8,2025-04-06T22:06:28.793341+02:00,2025-04-06T22:06:28.793361+02:00,8,[1],[],[3],,JohnPreston
148,95a9cc46-270e-45f2-8a17-5665a23ff70b,2023-08-06T10:17:17.422900+02:00,2024-01-17T11:25:32.160689+01:00,14,[7],[15],[],6.0,wger.de
1478,9816dc3a-9739-4c70-bce0-4131f889e4f2,2025-03-03T09:22:31.885881+01:00,2025-03-03T09:22:31.885907+01:00,10,[6],[],[7],,Moffi
828,70c99a4e-3340-4993-a7f1-2d2709dada1a,2023-08-06T10:17:17.422900+02:00,2024-01-17T11:21:06.404120+01:00,12,"[2, 9]",[],[3],,cshep442
